run_id,trade_index_zero_based,trade_number,symbol,direction,entry_time,entry_price,exit_time,exit_price,exit_reason,net_pnl,pnl_pct,r_multiple,signal_reason,recorded_htf_trend_state,recorded_htf_filter_passed,recorded_htf_close,recorded_htf_ema,recorded_entry_vwap,recorded_confirmation_count,duration_minutes,research.direction,research.feature_version,research.provenance,research.signal_time_source,research.signal_time_utc,research.available_rth_1m_bars,research.signal_bar_start_utc,research.signal_close,research.signal_vwap,research.minutes_since_open,research.vwap_crossings_5,research.efficiency_ratio_5,research.efficiency_trade_relative_5,research.vwap_crossings_10,research.efficiency_ratio_10,research.efficiency_trade_relative_10,research.vwap_crossings_20,research.efficiency_ratio_20,research.efficiency_trade_relative_20,research.vwap_crossings_30,research.efficiency_ratio_30,research.efficiency_trade_relative_30,research.pct_closes_trade_side_vwap_5,research.vwap_slope_bps_5,research.vwap_slope_trade_relative_bps_5,research.mean_true_range_bps_5,research.avg_body_range_ratio_5,research.avg_wick_fraction_5,research.pct_closes_trade_side_vwap_10,research.vwap_slope_bps_10,research.vwap_slope_trade_relative_bps_10,research.mean_true_range_bps_10,research.avg_body_range_ratio_10,research.avg_wick_fraction_10,research.pct_closes_trade_side_vwap_20,research.vwap_slope_bps_20,research.vwap_slope_trade_relative_bps_20,research.mean_true_range_bps_20,research.avg_body_range_ratio_20,research.avg_wick_fraction_20,research.alternating_direction_count_10,research.candle_overlap_ratio_10,research.alternating_direction_count_20,research.candle_overlap_ratio_20,research.consecutive_closes_trade_side_vwap,research.session_open,research.session_high_so_far,research.session_low_so_far,research.open_to_signal_bps,research.open_to_signal_trade_relative_bps,research.distance_below_session_high_bps,research.distance_above_session_low_bps,research.session_range_bps_so_far,research.position_in_session_range,research.retracement_from_adverse_session_extreme,research.last_confirmed_swing_high,research.last_confirmed_swing_low,research.distance_to_swing_high_bps,research.distance_to_swing_low_bps,research.broke_recent_swing_trade_direction,research.completed_5m_bars_available,research.completed_5m_last_bar_return_bps,research.completed_5m_last_bar_trade_relative_return_bps,research.completed_5m_3bar_efficiency,research.completed_5m_3bar_trade_relative_efficiency,research.completed_15m_bars_available,research.completed_15m_last_bar_return_bps,research.completed_15m_last_bar_trade_relative_return_bps,research.completed_15m_3bar_efficiency,research.completed_15m_3bar_trade_relative_efficiency,research.confirmation_source,research.confirmation_bars_available,research.confirmation_net_displacement_bps,research.confirmation_trade_relative_displacement_bps,research.confirmation_avg_body_range_ratio,research.confirmation_avg_wick_fraction,research.confirmation_first_trade_relative_vwap_distance_bps,research.confirmation_final_trade_relative_vwap_distance_bps,research.confirmation_progress_bars,research.confirmation_all_on_trade_side,research.confirmation_reconstruction_status,research.warning
181,0,1,QQQ,long,2026-04-30T14:49:00+00:00,660.57,2026-04-30T20:00:00+00:00,667.6,session_close,106.42324053468931,1.064232405346893,0.011824884063992255,vwap_trend_confirmed_htf,long,True,661.61,635.336755391713,660.3453034750486,3,311.0,long,vwap-entry-research-v1,reconstructed_current_market_cache,recorded_review_entry,2026-04-30T14:49:00+00:00,79,2026-04-30T14:48:00+00:00,660.61,660.3453034750486,79.0,1.0,0.9636363636361983,0.9636363636361983,1.0,0.9858156028368126,0.9858156028368126,1.0,0.22090211648108105,0.22090211648108105,1.0,0.17264667833498032,0.17264667833498032,0.6,0.005288609783438147,0.005288609783438147,8.340775949500516,0.3113035625688906,0.6886964374311093,0.3,-1.2239930401447552,-1.2239930401447552,9.12035845657746,0.46096492265570194,0.539035077344298,0.15,-3.5628642037299763,-3.5628642037299763,10.069556924660159,0.4605354850979329,0.5394645149020671,1.0,0.6416291680914776,6.0,0.6299217000170299,3,665.39,665.415,657.56,-71.8375689445283,-71.8375689445283,72.2105753552287,46.38359997566866,118.90525423472272,0.3882877148313254,0.3882877148313254,658.76,657.77,-28.004420157127846,42.99056932229351,True,15,25.53696018970264,25.53696018970264,0.23297491039426962,0.23297491039426962,5,7.282989667256601,7.282989667256601,0.1764705882353597,-0.1764705882353597,recorded_review_entry.preceding_bars,3,11.517769189968163,11.517769189968163,0.3517312493216922,0.6482687506783078,3.6082383810228946,4.008456235828048,1,True,PASS,
181,1,2,QQQ,long,2026-05-01T13:33:00+00:00,670.8001,2026-05-01T14:36:00+00:00,673.25,vwap_confirmed_reverse,36.91073733737592,0.36522057763556637,0.004058019794337717,vwap_trend_confirmed_htf,long,True,667.6,638.409445354407,669.9866338411913,3,63.0,long,vwap-entry-research-v1,reconstructed_current_market_cache,recorded_review_entry,2026-05-01T13:33:00+00:00,3,2026-05-01T13:32:00+00:00,670.82,669.9866338411913,3.0,,,,,,,,,,,,,,,,,,,,,,,,,,,,,,,,,,,3,669.14,670.94,668.8,25.106853573244603,25.106853573244603,1.7885354875250328,30.20334928229808,31.901255180228674,0.9439252336448604,0.9439252336448604,,,,,,0,,,,,0,,,,,recorded_review_entry.preceding_bars,3,25.106853573244603,25.106853573244603,0.5994319131160991,0.40056808688390094,5.376745575384959,12.438549020461398,2,True,PASS,
181,2,3,QQQ,long,2026-05-01T14:46:00+00:00,673.79,2026-05-01T15:02:00+00:00,673.08,vwap_confirmed_reverse,-10.688444655290793,-0.10537407797680624,-0.0011708288808853489,vwap_trend_confirmed_htf,long,True,667.6,638.409445354407,673.4576426607584,3,16.0,long,vwap-entry-research-v1,reconstructed_current_market_cache,recorded_review_entry,2026-05-01T14:46:00+00:00,76,2026-05-01T14:45:00+00:00,673.82,673.4576426607582,76.0,1.0,0.6436266965159751,0.6436266965159751,1.0,0.39942846008959415,0.39942846008959415,2.0,0.20757441501754378,-0.20757441501754378,2.0,0.1507178255760376,-0.1507178255760376,0.6,-0.0637523843849408,-0.0637523843849408,7.808910391498867,0.6270495440446286,0.3729504559553714,0.3,-0.6791094513314277,-0.6791094513314277,9.77857588079894,0.5477561038131509,0.45224389618684907,0.55,0.5426901649108196,0.5426901649108196,8.198999732866357,0.4785723690468215,0.5214276309531785,5.0,0.7615006130521601,9.0,0.7204666274586596,3,669.14,675.76,668.8,69.94052066832124,69.94052066832124,28.708417189533872,75.05980861244163,103.29168027069596,0.7212643678161019,0.7212643678161019,674.03,672.71,3.116559318511215,16.473242112136973,False,15,7.432884161107101,7.432884161107101,0.11153077093971392,0.11153077093971392,5,-19.405837901911305,-19.405837901911305,1.0,-1.0,recorded_review_entry.preceding_bars,3,9.655807596893329,9.655807596893329,0.6848821785710051,0.31511782142899486,5.793374811950037,5.380551296592385,1,True,PASS,
181,3,4,QQQ,long,2026-05-01T15:14:00+00:00,673.95,2026-05-01T16:27:00+00:00,673.91,vwap_confirmed_reverse,-0.601388561954825,-0.005935158394551125,-6.594631310662745e-05,vwap_trend_confirmed_htf,long,True,667.6,638.409445354407,673.4660073924455,3,73.0,long,vwap-entry-research-v1,reconstructed_current_market_cache,recorded_review_entry,2026-05-01T15:14:00+00:00,104,2026-05-01T15:13:00+00:00,673.96,673.4660073924455,104.0,1.0,0.6097560975609666,0.6097560975609666,1.0,0.41784037558684894,0.41784037558684894,2.0,0.07843137254903108,0.07843137254903108,4.0,0.0589661387307319,0.0589661387307319,0.6,0.12152916285312898,0.12152916285312898,6.157338714463975,0.6273836200399915,0.3726163799600085,0.3,0.01875685563090812,0.01875685563090812,6.431984094011436,0.49127733852598715,0.5087226614740128,0.45,-0.0923985659384563,-0.0923985659384563,6.629250994124109,0.4690761873027972,0.5309238126972028,4.0,0.7308937128092086,7.0,0.6995263572041134,3,669.14,675.76,668.8,72.0327584660918,72.0327584660918,26.63667574286662,77.15311004784812,103.27022375215199,0.7413793103448355,0.7413793103448355,673.37,672.76,-8.754228737611013,17.805210991750926,True,20,1.7828225051630398,1.7828225051630398,0.5333333333333081,-0.5333333333333081,6,-0.3711649382753812,-0.3711649382753812,1.0,-1.0,recorded_review_entry.preceding_bars,3,14.710908361441621,14.710908361441621,0.7262162450771731,0.27378375492282686,0.4250270228749119,7.335078565690668,2,True,PASS,
181,4,5,QQQ,long,2026-05-04T13:44:00+00:00,674.87,2026-05-04T15:10:00+00:00,675.31,vwap_confirmed_reverse,6.60586397920714,0.06519774178729842,0.0007244193531922047,vwap_trend_confirmed_htf,long,True,674.16,641.8142600825587,674.3422957352395,3,86.0,long,vwap-entry-research-v1,reconstructed_current_market_cache,recorded_review_entry,2026-05-04T13:44:00+00:00,14,2026-05-04T13:43:00+00:00,674.87,674.3422957352396,14.0,1.0,0.4802009456264506,0.4802009456264506,3.0,0.3353914170287112,0.3353914170287112,,,,,,,0.6,1.1497919744174467,1.1497919744174467,9.285047490627862,0.4511807504092579,0.5488192495907421,0.4,-0.15552943569474564,-0.15552943569474564,9.6729740542625,0.39610231472028806,0.603897685279712,,,,,,,5.0,0.7719292379657536,,,3,674.66,675.39,673.55,3.112678979042549,3.112678979042549,7.699255245117366,19.597654220177418,27.264510201965294,0.7173913043478408,0.7173913043478408,675.39,673.74,7.7051876657723986,16.74396550446746,False,2,3.709363918276143,3.709363918276143,,,0,,,,,recorded_review_entry.preceding_bars,3,9.343853820598103,9.343853820598103,0.537412200528869,0.4625877994711311,11.700007308594786,7.8254659109733,1,True,PASS,
181,5,6,QQQ,long,2026-05-05T13:35:00+00:00,678.83,2026-05-05T14:16:00+00:00,679.43,vwap_confirmed_reverse,8.961286338522891,0.08838737239071771,0.0009820803079802355,vwap_trend_confirmed_htf,long,True,672.88,644.7729019794579,678.3724285457764,3,41.0,long,vwap-entry-research-v1,reconstructed_current_market_cache,recorded_review_entry,2026-05-05T13:35:00+00:00,5,2026-05-05T13:34:00+00:00,678.82,678.3724285457764,5.0,1.0,0.5368421052633066,0.5368421052633066,,,,,,,,,,0.6,0.6746289267178796,0.6746289267178796,9.162959252820777,0.4008417238192369,0.5991582761807631,,,,,,,,,,,,,,,,,3,677.97,678.96,677.51,12.537427909788956,12.537427909788956,2.0619771415103445,19.33550796298297,21.36059632892439,0.9034482758620814,0.9034482758620814,,677.51,,19.298193924752646,,1,12.537427909788956,12.537427909788956,,,0,,,,,recorded_review_entry.preceding_bars,3,10.913166588013556,10.913166588013556,0.4490620490620834,0.5509379509379165,1.7006875270505497,6.597724721552899,2,True,PASS,
181,6,7,QQQ,long,2026-05-05T14:25:00+00:00,680.85,2026-05-05T19:57:00+00:00,681.05,vwap_confirmed_reverse,2.9808654754994754,0.029375045898499194,0.0003263899315232811,vwap_trend_confirmed_htf,long,True,672.88,644.7729019794579,679.7641025593541,3,332.0,long,vwap-entry-research-v1,reconstructed_current_market_cache,recorded_review_entry,2026-05-05T14:25:00+00:00,55,2026-05-05T14:24:00+00:00,680.86,679.7641025593541,55.0,2.0,0.8532532086950676,0.8532532086950676,5.0,0.4331202580799458,0.4331202580799458,6.0,0.08427281920672447,0.08427281920672447,6.0,0.10849673202615269,0.10849673202615269,0.8,0.8494536808290043,0.8494536808290043,7.692917780454622,0.43855738149465734,0.5614426185053427,0.6,0.7793298620173417,0.7793298620173417,8.752019504744124,0.49020273921976887,0.5097972607802311,0.75,2.0024664422924054,2.0024664422924054,7.377214111564793,0.4871377882517039,0.5128622117482962,7.0,0.7453487253487736,13.0,0.7972167159735272,3,677.97,681.0,677.51,42.627254893283784,42.627254893283784,2.055800293685556,49.44576463816066,51.25870222953336,0.9598853868194882,0.9598853868194882,680.31,679.07,-8.078018976001943,26.29027994007525,True,11,19.719802213327142,19.719802213327142,1.0,1.0,3,-10.584655190156722,-10.584655190156722,0.8810280869102056,-0.8810280869102056,recorded_review_entry.preceding_bars,3,17.066352802705964,17.066352802705964,0.5287319994608565,0.4712680005391436,11.547425391960855,16.12173159070591,1,True,PASS,
181,7,8,QQQ,long,2026-05-06T13:34:00+00:00,688.25,2026-05-06T14:04:00+00:00,688.83,vwap_confirmed_reverse,8.554076938700014,0.08427170359608296,0.0009363567971432092,vwap_trend_confirmed_htf,long,True,681.53,648.2735779814143,687.3853618310612,3,30.0,long,vwap-entry-research-v1,reconstructed_current_market_cache,recorded_review_entry,2026-05-06T13:34:00+00:00,4,2026-05-06T13:33:00+00:00,688.28,687.3853618310612,4.0,,,,,,,,,,,,,,,,,,,,,,,,,,,,,,,,,,,3,687.75,688.64,686.48,7.706288622317814,7.706288622317814,5.227695167286443,26.220720195780714,31.3825768582549,0.8333333333333246,0.8333333333333246,,,,,,0,,,,,0,,,,,recorded_review_entry.preceding_bars,3,22.278849654167043,22.278849654167043,0.5869908564148169,0.4130091435851831,7.538057312971328,13.015089040528858,1,True,PASS,
181,8,9,QQQ,long,2026-05-06T14:11:00+00:00,689.95,2026-05-06T14:19:00+00:00,688.4299999999998,vwap_confirmed_reverse,-22.38119034832789,-0.22030581926227918,-0.002447846378314811,vwap_trend_confirmed_htf,long,True,681.53,648.2735779814143,688.8738980980482,3,8.0,long,vwap-entry-research-v1,reconstructed_current_market_cache,recorded_review_entry,2026-05-06T14:11:00+00:00,41,2026-05-06T14:10:00+00:00,689.96,688.873898098048,41.0,1.0,1.0,1.0,2.0,0.11632589145898574,0.11632589145898574,2.0,0.08871913626658118,0.08871913626658118,2.0,0.073238893707235,0.073238893707235,0.6,0.3874664810510353,0.3874664810510353,12.60942663342842,0.6500175855203054,0.34998241447969447,0.4,-0.0038487642395335087,-0.0038487642395335087,10.142327091425896,0.5706553271944059,0.429344672805594,0.7,4.10742523477392,4.10742523477392,8.97740448721682,0.50672383855129,0.49327616144871006,5.0,0.6157529773852758,10.0,0.6602688318962073,3,687.75,690.52,686.48,32.133769538349455,32.133769538349455,8.10983027283707,50.69339237851093,58.55411907936639,0.8613861386138737,0.8613861386138737,688.95,687.62,-14.638529769841597,33.91500956577239,True,8,21.13658153926723,21.13658153926723,0.07635009310988321,0.07635009310988321,2,-4.782885964403905,-4.782885964403905,,,recorded_review_entry.preceding_bars,3,16.25921839614408,16.25921839614408,0.5635415831023098,0.43645841689769016,4.627681197879692,15.76633843945462,2,True,PASS,
181,9,10,QQQ,long,2026-05-06T14:28:00+00:00,689.31,2026-05-06T14:31:00+00:00,688.8,vwap_confirmed_reverse,-7.499891447954482,-0.07398703050876833,-0.0008220767916438166,vwap_trend_confirmed_htf,long,True,681.53,648.2735779814143,688.9075062811535,3,3.0,long,vwap-entry-research-v1,reconstructed_current_market_cache,recorded_review_entry,2026-05-06T14:28:00+00:00,58,2026-05-06T14:27:00+00:00,689.3,688.9075062811534,58.0,1.0,0.5598086124401394,0.5598086124401394,1.0,0.33338624548594875,0.33338624548594875,2.0,0.026615969581747077,0.026615969581747077,4.0,0.055345398271944644,-0.055345398271944644,0.6,0.06917893369040584,0.06917893369040584,8.47236326708243,0.48207520166541,0.51792479833459,0.3,-0.3911457482463909,-0.3911457482463909,8.784273901059137,0.4681231853313571,0.5318768146686427,0.6,0.9621961887362751,0.9621961887362751,8.642100681851225,0.4362557391845224,0.5637442608154777,5.0,0.7608302660838763,8.0,0.7167760104233334,3,687.75,690.52,686.48,22.53725917847893,22.53725917847893,17.667844522968593,41.07912830672323,58.61018424488559,0.6980198019801885,0.6980198019801885,689.55,688.16,3.626867836936022,16.538517336428065,False,11,7.91828906840264,7.91828906840264,0.4187643020594904,-0.4187643020594904,3,1.595058219625578,1.595058219625578,0.5111111111110999,-0.5111111111110999,recorded_review_entry.preceding_bars,3,7.113717861240154,7.113717861240154,0.5986772486772644,0.4013227513227357,5.3221754436761985,5.697335495229924,1,True,PASS,
181,10,11,QQQ,long,2026-05-07T13:35:00+00:00,696.82,2026-05-07T13:44:00+00:00,696.62,vwap_confirmed_reverse,-2.907283130677297,-0.028701816825011543,-0.0003189095843492657,vwap_trend_confirmed_htf,long,True,695.575,652.7784753165176,696.4411124331375,3,9.0,long,vwap-entry-research-v1,reconstructed_current_market_cache,recorded_review_entry,2026-05-07T13:35:00+00:00,5,2026-05-07T13:34:00+00:00,696.83,696.4411124331376,5.0,1.0,1.0,1.0,,,,,,,,,,0.6,0.6827427585021084,0.6827427585021084,9.553836660304595,0.27867277792653516,0.7213272220734648,,,,,,,,,,,,,,,,,3,696.58,697.03,695.92,3.588963220304553,3.588963220304553,2.869316959096908,13.076215656973242,15.929279738243382,0.8198198198198835,0.8198198198198835,697.03,695.92,2.8701404933761716,13.059139244867211,False,1,3.588963220304553,3.588963220304553,,,0,,,,,recorded_review_entry.preceding_bars,3,7.252360607474806,7.252360607474806,0.27092221774333103,0.729077782256669,0.8071438488280384,5.583926048015406,1,True,PASS,
181,11,12,QQQ,long,2026-05-07T13:55:00+00:00,697.4599,2026-05-07T15:54:00+00:00,698.42,vwap_confirmed_reverse,13.939605980714822,0.13765665954415607,0.0015295087172120011,vwap_trend_confirmed_htf,long,True,695.575,652.7784753165176,696.48647735781,3,119.0,long,vwap-entry-research-v1,reconstructed_current_market_cache,recorded_review_entry,2026-05-07T13:55:00+00:00,25,2026-05-07T13:54:00+00:00,697.42,696.48647735781,25.0,2.0,0.4500000000000142,0.4500000000000142,3.0,0.49862258953168165,0.49862258953168165,4.0,0.09138945199560607,0.09138945199560607,,,,0.8,0.4585521973421436,0.4585521973421436,8.501620257520305,0.8076032879147623,0.19239671208523754,0.4,-1.2735441292899274,-1.2735441292899274,9.148002638295262,0.668443496293145,0.33155650370685497,0.55,-0.1322815607407435,-0.1322815607407435,7.938903386768271,0.5044637493067239,0.49553625069327617,5.0,0.7533688054229385,10.0,0.7580298141307015,3,696.58,697.46,695.54,12.058916420223387,12.058916420223387,0.5735095919490337,27.02935848405549,27.53003928766128,0.9791666666666272,0.9791666666666272,696.5596,695.94,-12.336898855781499,21.221071950903394,True,5,19.17869225741109,19.17869225741109,0.6874999999999822,0.6874999999999822,1,-3.7325217491168683,-3.7325217491168683,,,recorded_review_entry.preceding_bars,3,20.690249719819143,20.690249719819143,0.7188838756721475,0.2811161243278526,2.6377207170223738,13.403313237772222,2,True,PASS,
181,12,13,QQQ,long,2026-05-08T13:33:00+00:00,701.32,2026-05-08T20:00:00+00:00,711.11,session_close,141.5523759680776,1.395939086294411,0.015510213134726496,vwap_trend_confirmed_htf,long,True,694.93,656.792906238754,700.389840665253,3,387.0,long,vwap-entry-research-v1,reconstructed_current_market_cache,recorded_review_entry,2026-05-08T13:33:00+00:00,3,2026-05-08T13:32:00+00:00,701.23,700.3898406652531,3.0,,,,,,,,,,,,,,,,,,,,,,,,,,,,,,,,,,,3,699.92,701.47,699.5,18.716424734255277,18.716424734255277,3.421386516886097,24.731951393853013,28.093492862541922,0.8781725888324844,0.8781725888324844,,,,,,0,,,,,0,,,,,recorded_review_entry.preceding_bars,3,18.716424734255277,18.716424734255277,0.43134634641107333,0.5686536535889267,1.6856613077882103,11.995595680669432,2,True,PASS,
181,13,14,QQQ,long,2026-05-11T13:33:00+00:00,713.22,2026-05-11T13:37:00+00:00,711.48,vwap_confirmed_reverse,-25.084011590632667,-0.24396399427946622,-0.0027106941558057286,vwap_trend_confirmed_htf,long,True,711.11,661.965962787444,711.4593651248514,3,4.0,long,vwap-entry-research-v1,reconstructed_current_market_cache,recorded_review_entry,2026-05-11T13:33:00+00:00,3,2026-05-11T13:32:00+00:00,713.18,711.4593651248514,3.0,,,,,,,,,,,,,,,,,,,,,,,,,,,,,,,,,,,3,710.34,713.27,709.77,39.9808542388147,39.9808542388147,1.2617942714544539,48.04373247671736,49.075969600942265,0.9742857142857052,0.9742857142857052,,,,,,0,,,,,0,,,,,recorded_review_entry.preceding_bars,3,39.9808542388147,39.9808542388147,0.7838544171877818,0.2161455828122182,6.190556587317355,24.184583962101815,2,True,PASS,
181,14,15,QQQ,long,2026-05-11T13:46:00+00:00,712.64,2026-05-11T13:51:00+00:00,711.55,vwap_confirmed_reverse,-15.687969758464154,-0.15295240233498428,-0.001699476436525384,vwap_trend_confirmed_htf,long,True,711.11,661.965962787444,711.9449162479268,3,5.0,long,vwap-entry-research-v1,reconstructed_current_market_cache,recorded_review_entry,2026-05-11T13:46:00+00:00,16,2026-05-11T13:45:00+00:00,712.66,711.9449162479268,16.0,1.0,1.0,1.0,3.0,0.5544498151833851,0.5544498151833851,,,,,,,0.6,0.8847473600592792,0.8847473600592792,8.024864591810713,0.4685673136815033,0.5314326863184968,0.5,-0.05971917878655475,-0.05971917878655475,9.28844049055637,0.4133761990421367,0.5866238009578633,,,,,,,3.0,0.7917604440186488,,,3,710.34,713.5,709.77,32.66041613875004,32.66041613875004,11.772950245270243,40.717415500795845,52.339123845873466,0.7747989276139335,0.7747989276139335,712.26,711.48,-5.612774675160347,16.557685291723264,True,3,9.129469928930156,9.129469928930156,0.333367006768352,-0.333367006768352,1,32.23808317143862,32.23808317143862,,,recorded_review_entry.preceding_bars,3,12.926068508163358,12.926068508163358,0.44389636675678906,0.5561036332432109,5.519399094812162,10.044088183700657,2,True,PASS,
181,15,16,QQQ,long,2026-05-11T14:08:00+00:00,712.23,2026-05-11T14:28:00+00:00,710.77,vwap_confirmed_reverse,-20.99318154903223,-0.2049899611080741,-0.0022776655238818475,vwap_trend_confirmed_htf,long,True,711.11,661.965962787444,711.7449000370834,3,20.0,long,vwap-entry-research-v1,reconstructed_current_market_cache,recorded_review_entry,2026-05-11T14:08:00+00:00,38,2026-05-11T14:07:00+00:00,712.228,711.7449000370832,38.0,1.0,0.613356766256554,0.613356766256554,1.0,0.3824865998601769,0.3824865998601769,2.0,0.11500844244800705,-0.11500844244800705,5.0,0.04661759551349546,0.04661759551349546,0.6,0.049156498762581435,0.049156498762581435,6.430525056583221,0.5861915951603238,0.41380840483967624,0.3,-1.3161121876592574,-1.3161121876592574,8.094177707138742,0.5720896833673403,0.4279103166326596,0.2,-4.044038385097037,-4.044038385097037,8.222296792600142,0.4921383401940721,0.5078616598059279,6.0,0.7139470031010726,10.0,0.7190695189155052,3,710.34,713.5,709.77,26.578821409464215,26.578821409464215,17.827610371409225,34.630936782337514,52.370870002302894,0.6589812332439565,0.6589812332439565,711.22,710.22,-14.15277130357027,28.193219025367224,True,7,12.105003870783726,12.105003870783726,0.2835820895522768,0.2835820895522768,2,-30.73080377189008,-30.73080377189008,,,recorded_review_entry.preceding_bars,3,12.905765418733672,12.905765418733672,0.5965103974407194,0.4034896025592806,2.3129610868958608,6.787543723763714,2,True,PASS,
181,16,17,QQQ,long,2026-05-12T13:35:00+00:00,707.8236,2026-05-12T13:37:00+00:00,707.15,vwap_confirmed_reverse,-9.725938847196174,-0.09516495352798049,-0.0010573941488179266,vwap_trend_confirmed_htf,long,True,713.38,666.8625377600683,707.3253715291997,3,2.0,long,vwap-entry-research-v1,reconstructed_current_market_cache,recorded_review_entry,2026-05-12T13:35:00+00:00,5,2026-05-12T13:34:00+00:00,707.8584,707.3253715291999,5.0,1.0,0.7290640394088826,0.7290640394088826,,,,,,,,,,0.6,-0.5837868733837848,-0.5837868733837848,14.49442430859052,0.45886984836464845,0.5411301516353515,,,,,,,,,,,,,,,,,3,708.2,708.52,706.58,-4.823496187519316,-4.823496187519316,9.337774515892583,18.09278496419258,27.406611265755142,0.6589690721649271,0.6589690721649271,,,,,,1,-4.823496187519316,-4.823496187519316,,,0,,,,,recorded_review_entry.preceding_bars,3,14.26611020725721,14.26611020725721,0.5217288267287672,0.47827117327123275,2.5526447309032316,7.535831347993715,1,True,PASS,
181,17,18,QQQ,long,2026-05-12T13:40:00+00:00,708.52,2026-05-12T13:49:00+00:00,708.07,vwap_confirmed_reverse,-6.484871900154929,-0.06351267430699652,-0.0007056980412173631,vwap_trend_confirmed_htf,long,True,713.38,666.8625377600683,707.3985926951484,3,9.0,long,vwap-entry-research-v1,reconstructed_current_market_cache,recorded_review_entry,2026-05-12T13:40:00+00:00,10,2026-05-12T13:39:00+00:00,708.535,707.3985926951484,10.0,1.0,1.0,1.0,3.0,0.3734248041648468,0.3734248041648468,,,,,,,0.6,1.552351217963821,1.552351217963821,13.21035658083246,0.5538365853555806,0.44616341464441944,0.6,0.4513363434566209,0.4513363434566209,13.845469877987764,0.5063532168601145,0.4936467831398856,,,,,,,5.0,0.849646032979373,,,3,708.2,708.67,706.54,4.730302174524859,4.730302174524859,1.9049769286126252,28.2361932799276,30.06202939868878,0.9366197183098632,0.9366197183098632,707.99,706.54,-7.691927709992577,28.156689507222715,True,2,10.050526713152319,10.050526713152319,,,0,,,,,recorded_review_entry.preceding_bars,3,19.585660750900402,19.585660750900402,0.49938949938951094,0.5006105006104891,0.21719885861679453,16.064596630336965,2,True,PASS,
181,18,19,QQQ,long,2026-05-12T13:55:00+00:00,708.46,2026-05-12T13:57:00+00:00,706.97,vwap_confirmed_reverse,-21.46031121352951,-0.21031533184654164,-0.0023368333555515617,vwap_trend_confirmed_htf,long,True,713.38,666.8625377600683,708.229176835102,3,2.0,long,vwap-entry-research-v1,reconstructed_current_market_cache,recorded_review_entry,2026-05-12T13:55:00+00:00,25,2026-05-12T13:54:00+00:00,708.45,708.2291768351018,25.0,1.0,0.29553738547926905,0.29553738547926905,4.0,0.27691090501515414,-0.27691090501515414,5.0,0.20746933014873611,0.20746933014873611,,,,0.6,0.1949138806001116,0.1949138806001116,10.95320770696597,0.6214554324133827,0.37854456758661725,0.6,1.4638385053888925,1.4638385053888925,11.383866186745504,0.5414247387846955,0.4585752612153044,0.7,13.295561967345826,13.295561967345826,11.447455713176689,0.5321132817162278,0.46788671828377215,4.0,0.6959614913015907,8.0,0.6996691750231525,3,708.2,710.18,706.54,3.530076249647074,3.530076249647074,24.36002140302324,27.03314745095935,51.37977274331267,0.5247252747252992,0.5247252747252992,709.08,707.46,8.892652974804086,13.974168960406649,False,5,1.9765356976475523,1.9765356976475523,0.8816498017633887,-0.8816498017633887,1,24.56791866704222,24.56791866704222,,,recorded_review_entry.preceding_bars,3,12.206284943616641,12.206284943616641,0.7018752874695352,0.2981247125304648,1.9543922039231765,3.117961983506661,1,True,PASS,
181,19,20,QQQ,long,2026-05-13T14:24:00+00:00,708.59,2026-05-13T20:00:00+00:00,714.47,session_close,84.49539478252791,0.8298169604425685,0.00922020290718642,vwap_trend_confirmed_htf,long,True,707.21,670.7051532114904,707.6033089314149,3,336.0,long,vwap-entry-research-v1,reconstructed_current_market_cache,recorded_review_entry,2026-05-13T14:24:00+00:00,54,2026-05-13T14:23:00+00:00,708.6,707.6033089314147,54.0,1.0,1.0,1.0,1.0,0.5032220693650341,0.5032220693650341,1.0,0.27415580073556506,0.27415580073556506,2.0,0.030438777854354077,0.030438777854354077,0.6,0.4078887012992638,0.4078887012992638,7.871577758961368,0.6673862740308361,0.332613725969164,0.3,0.06592697116891699,0.06592697116891699,8.077053344623318,0.5371489485603145,0.46285105143968563,0.15,-2.406534404858496,-2.406534404858496,9.39415749364937,0.488929297859114,0.511070702140886,3.0,0.5403878457905114,9.0,0.6340558715889425,3,709.965,709.97,704.83,-19.22629988802327,-19.22629988802327,19.296589996760492,53.488075138685666,72.53739768557699,0.7334630350194536,0.7334630350194536,707.7,706.68,-12.701100762065725,27.09568162574192,True,10,-2.828054298643634,-2.828054298643634,0.5227272727272493,0.5227272727272493,3,0.8484762780192057,0.8484762780192057,0.8181818181818011,-0.8181818181818011,recorded_review_entry.preceding_bars,3,15.689267692828857,15.689267692828857,0.6301586934691085,0.3698413065308916,5.872159820824917,14.085449516769906,2,True,PASS,
181,20,21,QQQ,long,2026-05-14T13:34:00+00:00,716.1,2026-05-14T14:00:00+00:00,716.2400000000001,vwap_confirmed_reverse,2.007215828803734,0.019550342130985384,0.00021722669778178388,vwap_trend_confirmed_htf,long,True,714.47,674.873233858015,715.0411179283066,3,26.0,long,vwap-entry-research-v1,reconstructed_current_market_cache,recorded_review_entry,2026-05-14T13:34:00+00:00,4,2026-05-14T13:33:00+00:00,716.12,715.0411179283066,4.0,,,,,,,,,,,,,,,,,,,,,,,,,,,,,,,,,,,3,714.62,716.2999,714.22,20.990176597353027,20.990176597353027,2.5115178712153257,26.602447425162797,29.04401496955751,0.9135054569931347,0.9135054569931347,,714.22,,26.531866167681077,,0,,,,,0,,,,,recorded_review_entry.preceding_bars,3,21.691366835998593,21.691366835998593,0.556510184765706,0.44348981523429404,7.154387455334726,15.0883920468699,2,True,PASS,
181,21,22,QQQ,long,2026-05-14T14:18:00+00:00,717.92,2026-05-14T17:16:00+00:00,718.83,vwap_confirmed_reverse,13.01637191323165,0.1267550702028195,0.001408394006611933,vwap_trend_confirmed_htf,long,True,714.47,674.873233858015,717.3539951894799,3,178.0,long,vwap-entry-research-v1,reconstructed_current_market_cache,recorded_review_entry,2026-05-14T14:18:00+00:00,48,2026-05-14T14:17:00+00:00,717.9399,717.3539951894799,48.0,2.0,0.6447757661814099,0.6447757661814099,3.0,0.6194331983805228,0.6194331983805228,7.0,0.10540821397911591,0.10540821397911591,8.0,0.07689389022576469,-0.07689389022576469,0.8,0.19499989796889494,0.19499989796889494,6.34816368333845,0.49733660297706017,0.5026633970229398,0.4,-0.448176754662688,-0.448176754662688,7.101987227621517,0.4389093110411412,0.5610906889588587,0.4,-1.3276964358976961,-1.3276964358976961,9.106263630144873,0.5117528906445608,0.48824710935543925,4.0,0.816403843496786,8.0,0.7236130854610453,3,714.62,719.69,714.22,46.45685819036682,46.45685819036682,24.317414442330563,52.08339167203297,76.1902214934708,0.6800548446069323,0.6800548446069323,716.89,717.1312,-14.623786754294889,11.264174062479754,True,9,11.305980305262864,11.305980305262864,0.1746835443037992,-0.1746835443037992,3,14.031609516362842,14.031609516362842,0.34343434343433416,-0.34343434343433416,recorded_review_entry.preceding_bars,3,10.176935625547667,10.176935625547667,0.48452111892194355,0.5154788810780565,6.638699548777491,8.167582733896202,1,True,PASS,
181,22,23,QQQ,long,2026-05-15T13:55:00+00:00,709.71,2026-05-15T13:59:00+00:00,707.32,vwap_confirmed_reverse,-34.6251550625707,-0.33675726705273795,-0.003741735695688842,vwap_trend_confirmed_htf,long,True,719.73,679.1820571254106,708.4401610214309,3,4.0,long,vwap-entry-research-v1,reconstructed_current_market_cache,recorded_review_entry,2026-05-15T13:55:00+00:00,25,2026-05-15T13:54:00+00:00,709.69,708.4401610214309,25.0,1.0,0.6541666666666937,0.6541666666666937,3.0,0.47262914417889,0.47262914417889,5.0,0.08987052551409397,0.08987052551409397,,,,0.6,0.5498889000143947,0.5498889000143947,13.808846115909379,0.56318888781773,0.4368111121822699,0.4,-3.357669291763621,-3.357669291763621,16.380391438515087,0.5978379345386141,0.40216206546138605,0.25,-11.91839065658562,-11.91839065658562,16.108793980470278,0.5675538263673114,0.4324461736326885,3.0,0.5869851670335052,9.0,0.6851208124542689,3,710.15,710.42,705.55,-6.477504752515628,-6.477504752515628,10.275611610032158,58.6776273828942,68.62151080049041,0.8501026694045372,0.8501026694045372,709.13,707.36,-7.8907692090921255,32.831236173541136,True,5,14.251848507085274,14.251848507085274,1.0,1.0,1,-38.09054425121361,-38.09054425121361,,,recorded_review_entry.preceding_bars,3,27.694177157955302,27.694177157955302,0.6263175230566623,0.3736824769433376,1.3256847268548917,17.642124872863867,2,True,PASS,
181,23,24,QQQ,long,2026-05-15T14:11:00+00:00,709.37,2026-05-15T15:08:00+00:00,709.4,vwap_confirmed_reverse,0.43336935859997944,0.004229104698531473,4.699019941070016e-05,vwap_trend_confirmed_htf,long,True,719.73,679.1820571254106,708.3599294513283,3,57.0,long,vwap-entry-research-v1,reconstructed_current_market_cache,recorded_review_entry,2026-05-15T14:11:00+00:00,41,2026-05-15T14:10:00+00:00,709.39,708.3599294513283,41.0,1.0,0.7743190661478141,0.7743190661478141,1.0,0.3732168130658275,0.3732168130658275,3.0,0.15755025712949225,0.15755025712949225,5.0,0.04187604690117234,0.04187604690117234,0.6,0.12132597176250925,0.12132597176250925,10.735702504969108,0.6593674346472287,0.3406325653527713,0.3,-0.7643165606530111,-0.7643165606530111,12.239952635362643,0.5751382717298924,0.4248617282701076,0.4,-0.4205950447355722,-0.4205950447355722,12.752082775342034,0.5774258773479589,0.4225741226520411,6.0,0.7355740887968358,9.0,0.6344350000153095,3,710.15,710.42,705.55,-10.701964373723838,-10.701964373723838,14.498465696348255,54.42562539862564,68.65053073767609,0.788501026694051,0.788501026694051,707.96,706.86,-20.158164056442153,35.664444099860056,True,8,16.11557980746081,16.11557980746081,1.0,1.0,2,-7.350862312693884,-7.350862312693884,,,recorded_review_entry.preceding_bars,3,24.16346371241218,24.16346371241218,0.7804611736968319,0.21953882630316804,6.680228082054291,14.541626450687941,1,True,PASS,
181,24,25,QQQ,long,2026-05-15T15:11:00+00:00,711.09,2026-05-15T15:52:00+00:00,709.47,vwap_confirmed_reverse,-23.346327527485574,-0.22781926338438235,-0.0025313271263733886,vwap_trend_confirmed_htf,long,True,719.73,679.1820571254106,709.5698881926556,3,41.0,long,vwap-entry-research-v1,reconstructed_current_market_cache,recorded_review_entry,2026-05-15T15:11:00+00:00,101,2026-05-15T15:10:00+00:00,711.095,709.5698881926556,101.0,1.0,0.8567493112947752,0.8567493112947752,2.0,0.22887864823348866,0.22887864823348866,2.0,0.23869389419318715,0.23869389419318715,2.0,0.06448788337750476,-0.06448788337750476,0.6,0.3130838863252272,0.3130838863252272,10.097103762506888,0.5153578238154456,0.4846421761845545,0.8,0.4887650928009357,0.4887650928009357,9.59084229252028,0.4069889344708306,0.5930110655291694,0.9,1.1661856037026297,1.1661856037026297,9.112495517476487,0.4441337585283864,0.5558662414716136,4.0,0.6220856203265202,9.0,0.6191830143558168,3,710.15,712.67,705.55,13.30704780680314,13.30704780680314,22.099990177781187,78.59117000921371,100.1272685084272,0.7787921348314704,0.7787921348314704,710.56,709.24,-7.523607956743921,26.0865285229121,True,20,13.096009237616446,13.096009237616446,1.0,1.0,6,-23.38340852690246,-23.38340852690246,0.08999999999999393,-0.08999999999999393,recorded_review_entry.preceding_bars,3,23.893431068509052,23.893431068509052,0.5374796703396757,0.46252032966032436,5.237572367561786,21.49346854654441,2,True,PASS,
181,25,26,QQQ,long,2026-05-18T13:57:00+00:00,710.32,2026-05-18T14:00:00+00:00,709.13,vwap_confirmed_reverse,-17.128941015631472,-0.16753012726659175,-0.0018614633000544694,vwap_trend_confirmed_htf,long,True,708.9,682.1871496441158,709.3370971902484,3,3.0,long,vwap-entry-research-v1,reconstructed_current_market_cache,recorded_review_entry,2026-05-18T13:57:00+00:00,27,2026-05-18T13:56:00+00:00,710.3799,709.3370971902483,27.0,1.0,1.0,1.0,1.0,0.5905792734373198,0.5905792734373198,1.0,0.04343376808936469,0.04343376808936469,,,,0.6,0.9167973390944439,0.9167973390944439,12.975310816085868,0.25762048680711364,0.7423795131928864,0.3,-1.9482263467418548,-1.9482263467418548,14.391876797189957,0.4043751983883975,0.5956248016116025,0.15,-21.829813422811206,-21.829813422811206,14.929054158204803,0.43167925576990174,0.5683207442300983,4.0,0.7184930943763769,10.0,0.7016254669233521,3,711.54,712.07,706.67,-16.30407285605817,-16.30407285605817,23.73502605081002,52.49833727199487,76.01566429455691,0.6870185185185184,0.6870185185185184,708.35,708.65,-28.574851287318207,24.3517588265102,True,5,38.17441465897575,38.17441465897575,0.8951048951049115,0.8951048951049115,1,-57.902577507941146,-57.902577507941146,,,recorded_review_entry.preceding_bars,3,16.21335814897762,16.21335814897762,0.37522664182015214,0.6247733581798479,9.866801385974432,14.70108942394753,2,True,PASS,
181,26,27,QQQ,long,2026-05-18T14:11:00+00:00,709.55,2026-05-18T14:19:00+00:00,708.5201,vwap_confirmed_reverse,-14.815675760992258,-0.14514833345077835,-0.0016127680997946228,vwap_trend_confirmed_htf,long,True,708.9,682.1871496441158,708.9237386520949,3,8.0,long,vwap-entry-research-v1,reconstructed_current_market_cache,recorded_review_entry,2026-05-18T14:11:00+00:00,41,2026-05-18T14:10:00+00:00,709.585,708.9237386520949,41.0,2.0,0.5056179775281703,0.5056179775281703,3.0,0.4598842018197049,0.4598842018197049,5.0,0.038406612428598594,0.038406612428598594,5.0,0.005443127907777811,0.005443127907777811,0.8,0.2280347127880944,0.2280347127880944,16.685809311076074,0.5339901548386933,0.4660098451613067,0.4,-4.419897854821553,-4.419897854821553,14.191393561025016,0.49220864080312027,0.5077913591968797,0.4,-4.89237516414609,-4.89237516414609,14.23811100854721,0.41170807051297764,0.5882919294870224,5.0,0.7979549346959666,8.0,0.7266453346908041,3,711.54,712.07,706.52,-27.47561626893713,-27.47561626893713,34.89825438510278,43.38164524712754,78.21473114567061,0.5522522522522553,0.5522522522522553,709.49,706.52,-1.3388107133046396,43.19426143450121,True,8,31.106398020501747,31.106398020501747,0.039408866995094584,0.039408866995094584,2,26.43408441943995,26.43408441943995,,,recorded_review_entry.preceding_bars,3,15.455405157447366,15.455405157447366,0.5000329713216952,0.4999670286783047,5.1236851552916125,9.32767957752964,2,True,PASS,
181,27,28,QQQ,long,2026-05-18T14:22:00+00:00,709.03,2026-05-18T14:24:00+00:00,708.35,vwap_confirmed_reverse,-9.775137693756836,-0.09590567394890907,-0.0010656152596104393,vwap_trend_confirmed_htf,long,True,708.9,682.1871496441158,708.9792367235679,3,2.0,long,vwap-entry-research-v1,reconstructed_current_market_cache,recorded_review_entry,2026-05-18T14:22:00+00:00,52,2026-05-18T14:21:00+00:00,709.01,708.9792367235677,52.0,1.0,0.16312056737588995,0.16312056737588995,2.0,0.06382978723403226,-0.06382978723403226,5.0,0.21287642782969676,0.21287642782969676,7.0,0.007039597737275674,-0.007039597737275674,0.6,0.05030561186503135,0.05030561186503135,11.987701160773685,0.5361844317670749,0.46381556823292514,0.8,0.6186970794130886,0.6186970794130886,12.2349473209123,0.49573887142722556,0.5042611285727745,0.65,-2.0482926081122343,-2.0482926081122343,13.229503109970286,0.47727680759431357,0.5227231924056864,5.0,0.6136339029917246,12.0,0.7162466418604688,3,711.54,712.07,706.52,-35.5566798774487,-35.5566798774487,42.9733031864853,35.24316367547995,78.27816250828717,0.4486486486486448,0.4486486486486448,709.82,708.3401,11.424380474183145,9.448385777351294,False,10,-2.959080148798865,-2.959080148798865,0.04999999999997158,0.04999999999997158,3,7.473946949076993,7.473946949076993,1.0,1.0,recorded_review_entry.preceding_bars,3,6.914412166993955,6.914412166993955,0.5307791675171409,0.46922083248285906,6.981719197647792,0.43390941284008383,0,True,PASS,
181,28,29,QQQ,long,2026-05-19T13:33:00+00:00,702.8,2026-05-19T13:43:00+00:00,701.6700000000001,vwap_confirmed_reverse,-16.372257247212087,-0.1607854297097319,-0.0017864765307574273,vwap_trend_confirmed_htf,long,True,705.71,684.4358637434102,701.4963182530014,3,10.0,long,vwap-entry-research-v1,reconstructed_current_market_cache,recorded_review_entry,2026-05-19T13:33:00+00:00,3,2026-05-19T13:32:00+00:00,702.7,701.4963182530015,3.0,,,,,,,,,,,,,,,,,,,,,,,,,,,,,,,,,,,3,699.84,702.99,699.81,40.86648376771862,40.86648376771862,4.1252364898499785,41.29692345065232,45.25402020777093,0.9088050314465541,0.9088050314465541,,,,,,0,,,,,0,,,,,recorded_review_entry.preceding_bars,3,40.86648376771862,40.86648376771862,0.5778254185035553,0.42217458149644466,3.661157496338756,17.158774973989544,2,True,PASS,
181,29,30,QQQ,long,2026-05-19T13:54:00+00:00,702.55,2026-05-19T13:58:00+00:00,702.3199999999999,vwap_confirmed_reverse,-3.3282322371899498,-0.03273788342465369,-0.00036375310969355304,vwap_trend_confirmed_htf,long,True,705.71,684.4358637434102,702.4714821901367,3,4.0,long,vwap-entry-research-v1,reconstructed_current_market_cache,recorded_review_entry,2026-05-19T13:54:00+00:00,24,2026-05-19T13:53:00+00:00,702.53,702.4714821901366,24.0,1.0,0.35398230088493704,0.35398230088493704,3.0,0.2484969939879773,0.2484969939879773,4.0,0.010416666666666975,0.010416666666666975,,,,0.6,-0.31433631844546284,-0.31433631844546284,15.31578722616769,0.24682994126447416,0.7531700587355259,0.4,-2.828828227027236,-2.828828227027236,16.99557314278373,0.41227326282384863,0.5877267371761514,0.55,9.62120070143957,9.62120070143957,15.942522027528861,0.4833916097937684,0.5166083902062317,6.0,0.8153559995676937,12.0,0.7096164094596035,3,699.84,705.13,699.81,38.4373571101948,38.4373571101948,36.87263341511527,38.86769265943653,75.72630350305396,0.5112781954887221,0.5112781954887221,703.05,701.41,7.401819139395923,15.94237968485338,False,4,12.092139823922654,12.092139823922654,0.570881226053632,-0.570881226053632,1,20.71902149062499,20.71902149062499,,,recorded_review_entry.preceding_bars,3,8.439496616223785,8.439496616223785,0.258109425916983,0.741890574083017,2.1661645045734943,0.8330275512525592,0,True,PASS,
181,30,31,QQQ,long,2026-05-19T15:17:00+00:00,699.46,2026-05-19T15:21:00+00:00,698.27,vwap_confirmed_reverse,-17.2903944355891,-0.17013124410260122,-0.001890332142477121,vwap_trend_confirmed_htf,long,True,705.71,684.4358637434102,699.2021668665204,3,4.0,long,vwap-entry-research-v1,reconstructed_current_market_cache,recorded_review_entry,2026-05-19T15:17:00+00:00,107,2026-05-19T15:16:00+00:00,699.41,699.2021668665202,107.0,1.0,0.6216216216215608,0.6216216216215608,1.0,0.4846625766870956,0.4846625766870956,1.0,0.13395274603128396,0.13395274603128396,1.0,0.3504282075452734,0.3504282075452734,0.6,0.04920132612662442,0.04920132612662442,7.806579831571728,0.5130982180106647,0.48690178198933526,0.3,-0.175174325681704,-0.175174325681704,9.608098254242414,0.5311057830648841,0.4688942169351159,0.15,-0.9736904172252814,-0.9736904172252814,10.182582462360982,0.47374526839929043,0.5262547316007096,4.0,0.6491142047327565,11.0,0.7717272371832085,3,699.84,705.13,695.25,-6.144261545496521,-6.144261545496521,81.11979351325327,59.83459187342637,141.2619207617849,0.42105263157894435,0.42105263157894435,699.43,698.65,0.2859553051855394,10.86630159706025,False,21,11.31075953897831,11.31075953897831,0.28244274809159375,0.28244274809159375,7,8.444857940312911,8.444857940312911,1.0,1.0,recorded_review_entry.preceding_bars,3,7.2971812848754425,7.2971812848754425,0.5377033792240952,0.4622966207759049,0.6040214883514281,2.9724326286225984,1,True,PASS,
181,31,32,QQQ,long,2026-05-20T13:33:00+00:00,706.71,2026-05-20T13:37:00+00:00,704.85,vwap_confirmed_reverse,-26.702568053149704,-0.26319140807403507,-0.002924376565366913,vwap_trend_confirmed_htf,long,True,701.54,686.9190252980216,706.1893869175561,3,4.0,long,vwap-entry-research-v1,reconstructed_current_market_cache,recorded_review_entry,2026-05-20T13:33:00+00:00,3,2026-05-20T13:32:00+00:00,706.77,706.1893869175561,3.0,,,,,,,,,,,,,,,,,,,,,,,,,,,,,,,,,,,3,705.29,706.81,705.24,20.98427597158725,20.98427597158725,0.5659229495898986,21.69474221541564,22.213732897547096,0.9745222929936527,0.9745222929936527,,,,,,0,,,,,0,,,,,recorded_review_entry.preceding_bars,3,20.98427597158725,20.98427597158725,0.5629680209400739,0.43703197905992613,1.5300181052151085,8.221775818214475,2,True,PASS,
181,32,33,QQQ,long,2026-05-20T13:45:00+00:00,707.0,2026-05-20T13:56:00+00:00,704.83,vwap_confirmed_reverse,-31.058259228155244,-0.30693069306930115,-0.003410314236097405,vwap_trend_confirmed_htf,long,True,701.54,686.9190252980216,705.9158306488663,3,11.0,long,vwap-entry-research-v1,reconstructed_current_market_cache,recorded_review_entry,2026-05-20T13:45:00+00:00,15,2026-05-20T13:44:00+00:00,706.95,705.9158306488663,15.0,2.0,0.35057471264366125,0.35057471264366125,3.0,0.3694984646878164,0.3694984646878164,,,,,,,0.8,1.3284582719985671,1.3284582719985671,17.422448546572745,0.4178820403193656,0.5821179596806344,0.4,-5.166666756208915,-5.166666756208915,16.9606054176389,0.4908328426275168,0.5091671573724833,,,,,,,5.0,0.7718818445722827,,,3,705.29,707.5,704.11,23.536417643807983,23.536417643807983,7.773851590105364,40.3346068085957,47.952471886271816,0.8377581120944081,0.8377581120944081,706.74,704.11,-2.9705071079996657,40.172572317703256,True,3,25.242140193146856,25.242140193146856,0.0393280521377887,0.0393280521377887,1,23.536417643807983,23.536417643807983,,,recorded_review_entry.preceding_bars,3,15.86784353172943,15.86784353172943,0.3444553226218379,0.655544677378162,5.821282137669937,14.650037670683256,1,True,PASS,
181,33,34,QQQ,long,2026-05-20T14:18:00+00:00,707.37,2026-05-20T20:00:00+00:00,713.07,session_close,81.28866215286932,0.8058017727639066,0.008953367094334003,vwap_trend_confirmed_htf,long,True,701.54,686.9190252980216,706.0543716826992,3,342.0,long,vwap-entry-research-v1,reconstructed_current_market_cache,recorded_review_entry,2026-05-20T14:18:00+00:00,48,2026-05-20T14:17:00+00:00,707.38,706.0543716826992,48.0,1.0,0.5487364620938598,0.5487364620938598,1.0,0.20697491950974975,0.20697491950974975,1.0,0.2043102196594166,0.2043102196594166,4.0,0.0053689381060181745,-0.0053689381060181745,0.6,2.0054241332112532,2.0054241332112532,24.313664508467966,0.6392057233909971,0.36079427660900293,0.3,0.34012575033992576,0.34012575033992576,16.984082105798805,0.5586903185013263,0.4413096814986736,0.15,-0.8547969111627474,-0.8547969111627474,13.212771070711566,0.46956855621330734,0.5304314437866926,3.0,0.6199165682057491,8.0,0.6878919702153254,3,705.29,709.19,703.79,29.63320052744356,29.63320052744356,25.52207447933641,51.00953409397735,76.33803613333839,0.6648148148148095,0.6648148148148095,706.03,703.79,-19.084509033334598,50.750657355311596,True,9,4.820233639559746,4.820233639559746,0.7714285714287942,0.7714285714287942,3,-4.107706908029751,-4.107706908029751,1.0,-1.0,recorded_review_entry.preceding_bars,3,23.522076744317832,23.522076744317832,0.7318312858655666,0.2681687141344334,9.784923663647136,18.77515911616717,1,True,PASS,
181,34,35,QQQ,long,2026-05-21T13:35:00+00:00,710.21,2026-05-21T13:40:00+00:00,708.8599999999999,vwap_confirmed_reverse,-19.3301075846404,-0.19008462285803113,-0.002112033191774996,vwap_trend_confirmed_htf,long,True,713.07,689.61569398103,708.9379184588828,3,5.0,long,vwap-entry-research-v1,reconstructed_current_market_cache,recorded_review_entry,2026-05-21T13:35:00+00:00,5,2026-05-21T13:34:00+00:00,710.155,708.9379184588828,5.0,1.0,0.5414462081128784,0.5414462081128784,,,,,,,,,,0.6,-0.07637951012329225,-0.07637951012329225,15.771204877808431,0.5379390830526366,0.4620609169473634,,,,,,,,,,,,,,,,,3,708.99,710.19,707.94,16.431825554661383,16.431825554661383,0.4928258635024691,31.28796225668726,31.683224084882877,0.984444444444408,0.984444444444408,,707.94,,31.190373932450214,,1,16.431825554661383,16.431825554661383,,,0,,,,,recorded_review_entry.preceding_bars,3,29.871193717869726,29.871193717869726,0.6402159320718481,0.3597840679281519,1.6268390686085399,17.16767448076302,2,True,PASS,
181,35,36,QQQ,long,2026-05-21T13:53:00+00:00,710.04,2026-05-21T14:17:00+00:00,709.35,vwap_confirmed_reverse,-9.863413686749295,-0.09717762379583418,-0.0010797395480428404,vwap_trend_confirmed_htf,long,True,713.07,689.61569398103,709.1682907660904,3,24.0,long,vwap-entry-research-v1,reconstructed_current_market_cache,recorded_review_entry,2026-05-21T13:53:00+00:00,23,2026-05-21T13:52:00+00:00,709.97,709.1682907660904,23.0,1.0,0.7548387096774885,0.7548387096774885,3.0,0.3926343438765474,0.3926343438765474,6.0,0.10718225145164083,0.10718225145164083,,,,0.6,0.6790715115623236,0.6790715115623236,11.746975224305777,0.4541321092700915,0.5458678907299085,0.5,0.5316531305510352,0.5316531305510352,11.169486034621592,0.5747696156616621,0.42523038433833793,0.65,5.272447761313082,5.272447761313082,12.35136695916758,0.543201357568987,0.45679864243101315,3.0,0.6271814786520602,8.0,0.6893606678318108,3,708.99,710.36,707.94,13.822479865723825,13.822479865723825,5.4901739962833815,28.67474644743866,34.08594729354704,0.8388429752066144,0.8388429752066144,709.83,708.31,-1.9719143062380995,23.381269631112325,True,4,-4.7958248113411095,-4.7958248113411095,0.7714285714287199,-0.7714285714287199,1,-0.9873199904097962,-0.9873199904097962,,,recorded_review_entry.preceding_bars,3,20.32376893003951,20.32376893003951,0.5438326615913138,0.4561673384086861,0.49221405879279856,11.304922179241066,2,True,PASS,
181,36,37,QQQ,long,2026-05-21T14:40:00+00:00,709.5498,2026-05-21T14:42:00+00:00,708.94,vwap_confirmed_reverse,-8.714515945108712,-0.08594181831915818,-0.0009549059821617521,vwap_trend_confirmed_htf,long,True,713.07,689.61569398103,709.454001693053,3,2.0,long,vwap-entry-research-v1,reconstructed_current_market_cache,recorded_review_entry,2026-05-21T14:40:00+00:00,70,2026-05-21T14:39:00+00:00,709.529,709.454001693053,70.0,1.0,0.5287240843912214,0.5287240843912214,1.0,0.1628065395095184,0.1628065395095184,1.0,0.2962451337435657,0.2962451337435657,2.0,0.12632321806633612,-0.12632321806633612,0.6,-0.05463362953705975,-0.05463362953705975,8.23053039410679,0.47842865034706294,0.5215713496529372,0.3,-0.6440360580228788,-0.6440360580228788,9.10547701362469,0.5214305946039665,0.47856940539603343,0.15,-3.700550578408235,-3.700550578408235,10.443900108381865,0.5670809969192088,0.43291900308079123,5.0,0.7414929918027859,12.0,0.7266603876052135,3,708.99,711.89,706.77,7.602363926149103,7.602363926149103,33.16523620222211,39.03674462696513,72.16054593963044,0.5388671875000024,0.5388671875000024,709.4,707.98,-1.8181075051198627,21.83138391806365,True,14,14.947704207657342,14.947704207657342,1.0,1.0,4,-26.262796952670755,-26.262796952670755,1.0,-1.0,recorded_review_entry.preceding_bars,3,7.0377840147806126,7.0377840147806126,0.5529944574663567,0.4470055425336434,2.083050598602157,1.0571271254800427,1,True,PASS,
181,37,38,QQQ,long,2026-05-22T13:33:00+00:00,719.56,2026-05-22T13:50:00+00:00,719.28,vwap_confirmed_reverse,-3.9423606196422645,-0.03891266885318427,-0.00043236165866837134,vwap_trend_confirmed_htf,long,True,714.45,692.029535301029,718.7586690875169,3,17.0,long,vwap-entry-research-v1,reconstructed_current_market_cache,recorded_review_entry,2026-05-22T13:33:00+00:00,3,2026-05-22T13:32:00+00:00,719.5401,718.7586690875169,3.0,,,,,,,,,,,,,,,,,,,,,,,,,,,,,,,,,,,3,718.08,719.9588,717.41,20.333389037432426,20.333389037432426,5.8156105599368235,29.69152925105705,35.42262620248723,0.8357266164469791,0.8357266164469791,,,,,,0,,,,,0,,,,,recorded_review_entry.preceding_bars,3,20.333389037432426,20.333389037432426,0.4975080074967237,0.5024919925032764,7.469333976655972,10.87195113034581,1,True,PASS,
181,38,39,QQQ,long,2026-05-22T14:39:00+00:00,718.85,2026-05-22T18:37:00+00:00,719.59,vwap_confirmed_reverse,10.425328393602298,0.10294219934617918,0.0011438004470095942,vwap_trend_confirmed_htf,long,True,714.45,692.029535301029,718.5863684754087,3,238.0,long,vwap-entry-research-v1,reconstructed_current_market_cache,recorded_review_entry,2026-05-22T14:39:00+00:00,69,2026-05-22T14:38:00+00:00,718.84,718.5863684754088,69.0,1.0,0.6363636363635988,0.6363636363635988,1.0,0.8484848484848198,0.8484848484848198,1.0,0.3056133056133003,0.3056133056133003,1.0,0.162393162393153,0.162393162393153,0.6,0.02785046562259197,0.02785046562259197,5.619887596683564,0.3013169893710189,0.6986830106289811,0.3,-0.3163707467557231,-0.3163707467557231,5.8912970897556125,0.36366562481030507,0.636334375189695,0.15,-3.9580817895634723,-3.9580817895634723,6.6410466863278685,0.4783640980039138,0.5216359019960862,2.0,0.7632414549274207,7.0,0.675567254859184,3,718.08,721.33,715.95,10.583778966131163,10.583778966131163,34.51956802018506,40.365947342691335,74.84280229258243,0.537174721189589,0.537174721189589,718.88,718.24,0.5564520616543823,8.346780924823642,False,13,10.867899290798455,10.867899290798455,1.0,1.0,4,0.0,0.0,0.9891598915989254,-0.9891598915989254,recorded_review_entry.preceding_bars,3,6.542589473390592,6.542589473390592,0.31390778533637725,0.6860922146636227,2.1061159365471602,3.5295899799680326,2,True,PASS,
181,39,40,QQQ,long,2026-05-26T13:43:00+00:00,726.52,2026-05-26T15:32:00+00:00,728.01,vwap_confirmed_reverse,20.791309231904528,0.20508726531960703,0.0022787421649121255,vwap_trend_confirmed_htf,long,True,717.43,694.761501365499,725.4422797191428,3,109.0,long,vwap-entry-research-v1,reconstructed_current_market_cache,recorded_review_entry,2026-05-26T13:43:00+00:00,13,2026-05-26T13:42:00+00:00,726.505,725.4422797191428,13.0,1.0,1.0,1.0,1.0,0.5272045028142559,0.5272045028142559,,,,,,,0.6,0.312960074830837,0.312960074830837,7.942133915113491,0.47388189743131015,0.5261181025686901,0.3,-4.8006989558357915,-4.8006989558357915,8.068905238091725,0.4671202532197298,0.5328797467802702,,,,,,,3.0,0.6298884309222088,,,3,725.96,726.77,724.16,7.50730067772265,7.50730067772265,3.6462704844722036,32.38234644277545,35.92542377547317,0.8984674329501974,0.8984674329501974,725.07,724.71,-19.752100811418305,24.70733167700097,True,2,3.7946474772487804,3.7946474772487804,,,0,,,,,recorded_review_entry.preceding_bars,3,21.035063036221047,21.035063036221047,0.6937247310129324,0.30627526898706775,0.5728385684773456,14.649274112733572,2,True,PASS,
181,40,41,QQQ,long,2026-05-27T14:04:00+00:00,730.15,2026-05-27T14:09:00+00:00,728.49,vwap_confirmed_reverse,-23.09558210324954,-0.2273505444086788,-0.0025261248483944166,vwap_trend_confirmed_htf,long,True,730.21,698.6962527623166,730.039353008869,3,5.0,long,vwap-entry-research-v1,reconstructed_current_market_cache,recorded_review_entry,2026-05-27T14:04:00+00:00,34,2026-05-27T14:03:00+00:00,730.17,730.039353008869,34.0,1.0,0.13432835820894679,0.13432835820894679,1.0,0.19155741450210428,0.19155741450210428,1.0,0.1776901828113815,0.1776901828113815,1.0,0.09349142901929496,-0.09349142901929496,0.6,0.03955297590563234,0.03955297590563234,12.790172151690625,0.6683224023260025,0.3316775976739975,0.3,-1.1533434453236957,-1.1533434453236957,13.188024706575037,0.6622111496847392,0.33778885031526074,0.15,-9.283177794794373,-9.283177794794373,13.519248942027286,0.6151638686081466,0.38483613139185346,6.0,0.7327788337423312,10.0,0.6932586789973033,3,732.96,733.32,726.86,-38.06483300589525,-38.06483300589525,42.95532646048233,45.53834300965723,88.47254748894143,0.5123839009287813,0.5123839009287813,730.83,728.64,9.03899091992388,20.954024405275113,False,6,12.20833733419191,12.20833733419191,1.0,1.0,2,27.47630168979276,27.47630168979276,,,recorded_review_entry.preceding_bars,3,10.076291924572267,10.076291924572267,0.6247996322919923,0.37520036770800774,3.092768548272206,1.7895883364703364,1,True,PASS,
181,41,42,QQQ,long,2026-05-28T14:09:00+00:00,729.12,2026-05-28T20:00:00+00:00,735.54,session_close,89.24428944635137,0.8805134957208635,0.009783468376690899,vwap_trend_confirmed_htf,long,True,729.49,702.0657728939661,728.267037235799,3,351.0,long,vwap-entry-research-v1,reconstructed_current_market_cache,recorded_review_entry,2026-05-28T14:09:00+00:00,39,2026-05-28T14:08:00+00:00,729.11,728.2670372357992,39.0,1.0,0.7740585774058825,0.7740585774058825,3.0,0.3055744181739586,0.3055744181739586,3.0,0.3213419024507305,0.3213419024507305,3.0,0.1126560438445163,0.1126560438445163,0.6,0.2620869427216732,0.2620869427216732,8.51723333927639,0.555203373794113,0.44479662620588717,0.4,-0.01453914428961589,-0.01453914428961589,9.045000068576552,0.5273330278233328,0.4726669721766673,0.2,-3.2404875672931155,-3.2404875672931155,9.305728902360324,0.5674155146267232,0.43258448537327665,6.0,0.7599022429637312,11.0,0.7323990013567657,3,729.73,731.12,726.41,-8.496293149521383,-8.496293149521383,27.49206696575105,37.16909183519012,64.59930600320989,0.5732484076433173,0.5732484076433173,728.81,727.4701,-4.114605477912362,22.491805077423315,True,7,0.8927099928568438,0.8927099928568438,1.0,1.0,2,11.412228959561954,11.412228959561954,,,recorded_review_entry.preceding_bars,3,14.696994670622132,14.696994670622132,0.5974149797153073,0.4025850202846926,4.377889373949325,11.574913062114666,2,True,PASS,
181,42,43,QQQ,long,2026-05-29T13:38:00+00:00,739.07,2026-05-29T14:17:00+00:00,739.05,vwap_confirmed_reverse,-0.27669169584762365,-0.002706103616720405,-3.0067950410937164e-05,vwap_trend_confirmed_htf,long,True,735.54,705.4050170474948,738.2661114657861,3,39.0,long,vwap-entry-research-v1,reconstructed_current_market_cache,recorded_review_entry,2026-05-29T13:38:00+00:00,8,2026-05-29T13:37:00+00:00,739.0993,738.2661114657861,8.0,2.0,0.38758012493365296,0.38758012493365296,,,,,,,,,,0.8,1.6089300381239013,1.6089300381239013,11.28725192947717,0.6576751804272906,0.34232481957270944,,,,,,,,,,,,,,,,,3,737.84,739.1262,737.43,17.06738588311829,17.06738588311829,0.36394326165232344,22.636724841680177,22.949554951548322,0.9841410211059619,0.9841410211059619,738.89,737.52,-2.831825168823522,21.36790009136782,True,1,-2.4395532906873463,-2.4395532906873463,,,0,,,,,recorded_review_entry.preceding_bars,3,19.647529316071388,19.647529316071388,0.7638882010331752,0.2361117989668248,7.718273150400884,11.285748069345656,1,True,PASS,
181,43,44,QQQ,long,2026-05-29T15:14:00+00:00,738.98,2026-05-29T15:20:00+00:00,738.3,vwap_confirmed_reverse,-9.408408787406675,-0.09201872851769514,-0.001022427242273252,vwap_trend_confirmed_htf,long,True,735.54,705.4050170474948,738.5177652874232,3,6.0,long,vwap-entry-research-v1,reconstructed_current_market_cache,recorded_review_entry,2026-05-29T15:14:00+00:00,104,2026-05-29T15:13:00+00:00,738.96,738.5177652874232,104.0,1.0,0.9144893111640141,0.9144893111640141,1.0,0.5974955277281246,0.5974955277281246,1.0,0.3494809688581437,0.3494809688581437,1.0,0.3185035389282309,0.3185035389282309,0.6,0.05373383067830417,0.05373383067830417,4.597813142794987,0.39830251482787493,0.6016974851721251,0.3,-0.1798929757423906,-0.1798929757423906,5.699090613835696,0.47838946324443876,0.5216105367555612,0.15,-0.7917100209231531,-0.7917100209231531,7.46752192270207,0.4998205138890938,0.5001794861109061,3.0,0.6387621823561526,8.0,0.7538494124884162,3,737.84,741.63,735.25,15.17944269760374,15.17944269760374,36.00177986327359,50.45902754165299,86.33755548338198,0.5815047021943635,0.5815047021943635,737.7,736.915,-17.05099058135746,27.67402836418849,True,20,7.673286118672351,7.673286118672351,1.0,1.0,6,22.288362484881308,22.288362484881308,0.24249422632792542,-0.24249422632792542,recorded_review_entry.preceding_bars,3,6.093350123899111,6.093350123899111,0.4480589303170088,0.5519410696829913,1.4437775702903655,5.988139126276706,1,True,PASS,
181,44,45,QQQ,long,2026-06-01T13:34:00+00:00,738.32,2026-06-01T13:56:00+00:00,737.495,vwap_confirmed_reverse,-11.414304397318588,-0.11174016686532201,-0.001241563014966546,vwap_trend_confirmed_htf,long,True,738.25,708.9463032409559,737.4011898217856,3,22.0,long,vwap-entry-research-v1,reconstructed_current_market_cache,recorded_review_entry,2026-06-01T13:34:00+00:00,4,2026-06-01T13:33:00+00:00,738.35,737.4011898217857,4.0,,,,,,,,,,,,,,,,,,,,,,,,,,,,,,,,,,,3,737.05,738.99,736.29,17.637880740792866,17.637880740792866,8.6604690185251,27.978106452621375,36.568023295185824,0.7629629629629721,0.7629629629629721,,,,,,0,,,,,0,,,,,recorded_review_entry.preceding_bars,3,26.071724400147378,26.071724400147378,0.49712778552328823,0.5028722144767118,5.20720773702785,12.866946667710662,1,True,PASS,
181,45,46,QQQ,long,2026-06-01T14:23:00+00:00,738.77,2026-06-01T20:00:00+00:00,742.6900000000002,session_close,54.14163885390277,0.5306116924076604,0.0058956588699587194,vwap_trend_confirmed_htf,long,True,738.25,708.9463032409559,738.0428405014061,3,337.0,long,vwap-entry-research-v1,reconstructed_current_market_cache,recorded_review_entry,2026-06-01T14:23:00+00:00,53,2026-06-01T14:22:00+00:00,738.74,738.0428405014059,53.0,1.0,1.0,1.0,3.0,0.3192276849052989,0.3192276849052989,3.0,0.43175666967393334,0.43175666967393334,4.0,0.0010040362256260988,-0.0010040362256260988,0.6,0.13820587321689004,0.13820587321689004,8.514768389419705,0.47032643532706714,0.5296735646729329,0.4,-0.07888415669565774,-0.07888415669565774,9.726019979965967,0.4527040104271067,0.5472959895728933,0.2,-2.084786776578307,-2.084786776578307,9.688794433765638,0.44052793698839865,0.5594720630116015,4.0,0.8049192150338251,9.0,0.7899681516186609,3,737.05,740.13,735.99,22.92924496302806,22.92924496302806,18.78048450947788,37.36463810649601,56.04136773425003,0.6642512077294708,0.6642512077294708,738.6,737.3214,-1.8951187156507885,19.202967214445806,True,10,5.0178336520345646,5.0178336520345646,0.20481927710837433,-0.20481927710837433,3,14.939359780528072,14.939359780528072,0.4251497005988346,-0.4251497005988346,recorded_review_entry.preceding_bars,3,13.96212603868685,13.96212603868685,0.5838174940386559,0.416182505961344,0.6987423035719068,9.446057333481017,2,True,PASS,
181,46,47,QQQ,long,2026-06-02T13:45:00+00:00,741.13,2026-06-02T20:00:00+00:00,746.1,session_close,68.78835159507203,0.6705976009606989,0.007451062113672965,vwap_trend_confirmed_htf,long,True,742.69,712.0641398872825,740.4751292765028,3,375.0,long,vwap-entry-research-v1,reconstructed_current_market_cache,recorded_review_entry,2026-06-02T13:45:00+00:00,15,2026-06-02T13:44:00+00:00,741.11,740.4751292765028,15.0,1.0,1.0,1.0,1.0,0.3809523809523651,0.3809523809523651,,,,,,,0.6,-1.7685079406581927,-1.7685079406581927,9.350838606953905,0.46384504426797146,0.5361549557320285,0.3,-8.579760985634177,-8.579760985634177,8.977749591828024,0.45938403868020616,0.5406159613197938,,,,,,,5.0,0.7706472752859795,,,3,742.4,742.69,739.23,-17.376077586206407,-17.376077586206407,21.274017423151527,25.431868295388384,46.68672666675712,0.5433526011560623,0.5433526011560623,740.55,739.23,-7.556233217741754,25.367354373844577,True,3,11.752944990814918,11.752944990814918,0.463489998373777,0.463489998373777,1,-17.376077586206407,-17.376077586206407,,,recorded_review_entry.preceding_bars,3,11.969349818432562,11.969349818432562,0.4787690855487338,0.5212309144512662,1.3118847813160655,8.573829132080768,2,True,PASS,
181,47,48,QQQ,long,2026-06-03T14:13:00+00:00,745.3,2026-06-03T14:59:00+00:00,744.91,vwap_confirmed_reverse,-5.403672743230254,-0.05232792164228986,-0.0005814204847853982,vwap_trend_confirmed_htf,long,True,746.1,715.1814939502486,744.5816196571762,3,46.0,long,vwap-entry-research-v1,reconstructed_current_market_cache,recorded_review_entry,2026-06-03T14:13:00+00:00,43,2026-06-03T14:12:00+00:00,745.29,744.5816196571762,43.0,2.0,0.6699029126212457,0.6699029126212457,3.0,0.3419354838709602,0.3419354838709602,3.0,0.16508795669822948,0.16508795669822948,3.0,0.0007153075822597205,-0.0007153075822597205,0.8,0.36419244420216046,0.36419244420216046,7.809040776073657,0.6154985434632723,0.3845014565367278,0.4,-0.1174364447376064,-0.1174364447376064,8.34561043352244,0.4793517319394452,0.5206482680605549,0.2,-4.128751968989208,-4.128751968989208,10.204014544673928,0.44982571901057,0.55017428098943,5.0,0.7492420212384046,12.0,0.7583240736561185,3,747.31,748.65,741.01,-27.03028194457446,-27.03028194457446,44.880785413744924,57.75900460182687,102.51043218076168,0.5602094240837671,0.5602094240837671,744.81,743.54,-6.440446000885806,23.480792711561943,True,8,3.762682254921934,3.762682254921934,1.0,1.0,2,-20.022844856547593,-20.022844856547593,,,recorded_review_entry.preceding_bars,3,11.149020766729745,11.149020766729745,0.6298581560282969,0.3701418439717032,1.9558269775890373,9.513803780838316,2,True,PASS,
181,48,49,QQQ,long,2026-06-03T15:02:00+00:00,745.74,2026-06-03T15:24:00+00:00,744.39,vwap_confirmed_reverse,-18.68420256205953,-0.1810282404055063,-0.002011424893394514,vwap_trend_confirmed_htf,long,True,746.1,715.1814939502486,745.028238742762,3,22.0,long,vwap-entry-research-v1,reconstructed_current_market_cache,recorded_review_entry,2026-06-03T15:02:00+00:00,92,2026-06-03T15:01:00+00:00,745.74,745.0282387427623,92.0,1.0,1.0,1.0,2.0,0.08965331658965722,0.08965331658965722,4.0,0.12521870390065198,-0.12521870390065198,4.0,0.08394160583940975,-0.08394160583940975,0.6,0.0823881310729746,0.0823881310729746,6.864322686191089,0.5120860964118185,0.4879139035881816,0.8,0.19612965650450676,0.19612965650450676,6.05693673398261,0.5676077684170755,0.4323922315829245,0.85,1.0674552607281562,1.0674552607281562,6.779172365704009,0.506487984698841,0.49351201530115885,3.0,0.6397325892256235,8.0,0.6645644336033898,3,747.31,748.65,741.01,-21.0086844816737,-21.0086844816737,38.86996593868922,63.83179714173922,102.44857457022536,0.6191099476439825,0.6191099476439825,745.96,744.68,2.9500898436456042,14.214069246655122,False,18,-6.03516489411704,-6.03516489411704,0.639639639639599,-0.639639639639599,6,-11.259751749282954,-11.259751749282954,1.0,-1.0,recorded_review_entry.preceding_bars,3,11.142285645246996,11.142285645246996,0.476821017020763,0.5231789829792369,2.1391175982618775,9.553480260544935,2,True,PASS,
181,49,50,QQQ,long,2026-06-04T13:33:00+00:00,736.21,2026-06-04T13:43:00+00:00,735.17,vwap_confirmed_reverse,-14.553684498212501,-0.14126404150990576,-0.0015695957234554607,vwap_trend_confirmed_htf,long,True,744.24,718.4843332170045,735.1528020042258,3,10.0,long,vwap-entry-research-v1,reconstructed_current_market_cache,recorded_review_entry,2026-06-04T13:33:00+00:00,3,2026-06-04T13:32:00+00:00,736.19,735.1528020042258,3.0,,,,,,,,,,,,,,,,,,,,,,,,,,,,,,,,,,,3,735.48,736.31,734.07,9.65355958013836,9.65355958013836,1.6297483396923966,28.880079556445633,30.426927831129127,0.9464285714286177,0.9464285714286177,,,,,,0,,,,,0,,,,,recorded_review_entry.preceding_bars,3,9.65355958013836,9.65355958013836,0.47019729653320014,0.5298027034667999,0.27217549876135394,14.108604264944196,2,True,PASS,
181,50,51,QQQ,long,2026-06-04T14:14:00+00:00,735.32,2026-06-04T20:00:00+00:00,740.5,session_close,72.47375680055691,0.7044552031768414,0.007827244553038572,vwap_trend_confirmed_htf,long,True,744.24,718.4843332170045,735.2045960291716,3,346.0,long,vwap-entry-research-v1,reconstructed_current_market_cache,recorded_review_entry,2026-06-04T14:14:00+00:00,44,2026-06-04T14:13:00+00:00,735.29,735.2045960291715,44.0,1.0,0.8371040723982213,0.8371040723982213,1.0,0.36619718309859906,0.36619718309859906,3.0,0.04453935326418693,0.04453935326418693,7.0,0.06062819576332635,0.06062819576332635,0.6,-0.27100132654278575,-0.27100132654278575,12.063267554298776,0.46362175838433933,0.5363782416156606,0.3,-3.711201774683204,-3.711201774683204,11.324647418025728,0.5058471505114194,0.4941528494885807,0.25,-5.091175626636968,-5.091175626636968,11.172530566171197,0.5104777279863054,0.4895222720136946,4.0,0.6373265032583366,8.0,0.6218128760124081,3,735.48,737.81,732.62,-2.5833469298963685,-2.5833469298963685,34.15513479079956,36.44454150855777,70.58439527261272,0.5144508670520211,0.5144508670520211,735.75,732.62,6.256035033796684,36.312203348338194,False,8,-4.020525121467555,-4.020525121467555,1.0,-1.0,2,6.9435935138661975,6.9435935138661975,,,recorded_review_entry.preceding_bars,3,9.937922021345802,9.937922021345802,0.3116277397932342,0.6883722602067658,3.1101551859388437,1.1616354316841495,1,True,PASS,
181,51,52,QQQ,long,2026-06-05T13:34:00+00:00,730.715,2026-06-05T13:36:00+00:00,730.07,vwap_confirmed_reverse,-9.145085485365525,-0.08826970843625515,-0.000980773792507773,vwap_trend_confirmed_htf,long,True,740.5,720.398801756441,730.4758185527862,3,2.0,long,vwap-entry-research-v1,reconstructed_current_market_cache,recorded_review_entry,2026-06-05T13:34:00+00:00,4,2026-06-05T13:33:00+00:00,730.71,730.4758185527862,4.0,,,,,,,,,,,,,,,,,,,,,,,,,,,,,,,,,,,3,730.06,731.69,729.13,8.903377804565515,8.903377804565515,13.393650316391069,21.66966110295888,35.03441857919091,0.6171875000000018,0.6171875000000018,731.69,,13.41161336234646,,False,0,,,,,0,,,,,recorded_review_entry.preceding_bars,3,14.115776778862443,14.115776778862443,0.5946117352345034,0.40538826476549655,18.095028546419954,3.205875420732922,0,True,PASS,
181,52,53,QQQ,long,2026-06-05T14:20:00+00:00,727.82,2026-06-05T14:24:00+00:00,726.375,vwap_confirmed_reverse,-20.55116372719994,-0.19853810007969688,-0.0022059620850229233,vwap_trend_confirmed_htf,long,True,740.5,720.398801756441,726.7864887597201,3,4.0,long,vwap-entry-research-v1,reconstructed_current_market_cache,recorded_review_entry,2026-06-05T14:20:00+00:00,50,2026-06-05T14:19:00+00:00,727.7701,726.7864887597199,50.0,1.0,1.0,1.0,1.0,0.5334959654719499,0.5334959654719499,1.0,0.4452216090822851,0.4452216090822851,1.0,0.1307842029258484,0.1307842029258484,0.6,0.1534487389820427,0.1534487389820427,9.315854003895256,0.4422539220476548,0.5577460779523451,0.3,-1.2038325974683683,-1.2038325974683683,10.689914301233348,0.46103050310478083,0.5389694968952192,0.15,-9.54022266616894,-9.54022266616894,11.862056437877712,0.47479379721070025,0.5252062027892997,2.0,0.633873806336445,8.0,0.6290913923968099,3,730.06,731.69,723.34,-31.365915130263655,-31.365915130263655,53.57323456655274,61.24505764923721,114.73403482775704,0.5305508982035824,0.5305508982035824,726.06,726.17,-23.497805144784206,21.986338817711772,True,10,22.44883906684647,22.44883906684647,1.0,1.0,3,33.02290877939651,33.02290877939651,0.2213247172859479,-0.2213247172859479,recorded_review_entry.preceding_bars,3,14.449856891236568,14.449856891236568,0.48708987007939974,0.5129101299206003,3.8147377086813234,13.53370288925764,2,True,PASS,
181,53,54,QQQ,long,2026-06-05T14:37:00+00:00,727.32,2026-06-05T14:40:00+00:00,726.42,vwap_confirmed_reverse,-12.783401809697585,-0.12374195677282225,-0.0013749043295738725,vwap_trend_confirmed_htf,long,True,740.5,720.398801756441,726.6951972251204,3,3.0,long,vwap-entry-research-v1,reconstructed_current_market_cache,recorded_review_entry,2026-06-05T14:37:00+00:00,67,2026-06-05T14:36:00+00:00,727.29,726.6951972251204,67.0,1.0,1.0,1.0,1.0,0.878787878787909,0.878787878787909,2.0,0.031999146689423046,0.031999146689423046,3.0,0.21975830920470873,0.21975830920470873,0.6,0.01843639177101508,0.01843639177101508,9.281029575546956,0.5015143369175921,0.498485663082408,0.3,-0.7397358129845877,-0.7397358129845877,8.909513399056555,0.4349627562811681,0.565037243718832,0.4,-1.0671565603781463,-1.0671565603781463,10.080091847818586,0.4913740514650657,0.5086259485349343,3.0,0.7153704951348565,6.0,0.706739295310033,3,730.06,731.69,723.34,-37.94208695175661,-37.94208695175661,60.134756522572275,54.60779163325589,114.80977326788522,0.4730538922155594,0.4730538922155594,727.84,725.62,7.56232039489156,22.961954653576417,False,13,25.03603671951904,25.03603671951904,0.21884048212240165,0.21884048212240165,4,-16.251687002506454,-16.251687002506454,0.3463311080695833,0.3463311080695833,recorded_review_entry.preceding_bars,3,17.76859504132089,17.76859504132089,0.5233572281959396,0.4766427718040605,1.1705732815637457,8.185037924439344,1,True,PASS,
181,54,55,QQQ,short,2026-06-08T13:36:00+00:00,716.06,2026-06-08T13:44:00+00:00,717.6199,vwap_confirmed_reverse,-22.47703734724568,-0.21784487333464855,-0.0024208554548009486,vwap_trend_confirmed_htf,short,True,705.26,719.5787864841595,717.2057547289163,5,8.0,short,vwap-entry-research-v1,reconstructed_current_market_cache,recorded_review_entry,2026-06-08T13:36:00+00:00,6,2026-06-08T13:35:00+00:00,716.01,717.2057547289163,6.0,0.0,0.4856614246068625,0.4856614246068625,,,,,,,,,,1.0,-13.88107098966418,13.88107098966418,19.748327537325036,0.5987947795414257,0.40120522045857426,,,,,,,,,,,,,,,,,5,717.8,719.21,714.68,-24.937308442463113,24.937308442463113,44.493263441832646,18.60972743045896,63.26727280345367,0.29359823399558843,0.7064017660044115,719.21,,44.692113238642555,,,1,-37.330732794649265,37.330732794649265,,,0,,,,,recorded_review_entry.preceding_bars,3,-18.958138756848264,18.958138756848264,0.695180452674875,0.304819547325125,27.891166289672338,16.672408455064264,1,True,PASS,
181,55,56,QQQ,short,2026-06-08T13:51:00+00:00,715.8,2026-06-08T13:54:00+00:00,718.115,vwap_confirmed_reverse,-33.29690786036688,-0.3234143615535143,-0.0035938108832703126,vwap_trend_confirmed_htf,short,True,705.26,719.5787864841595,716.9378832406665,3,3.0,short,vwap-entry-research-v1,reconstructed_current_market_cache,recorded_review_entry,2026-06-08T13:51:00+00:00,21,2026-06-08T13:50:00+00:00,715.77,716.9378832406663,21.0,1.0,0.6657534246575351,0.6657534246575351,2.0,0.11188811188810674,0.11188811188810674,2.0,0.16272289646756113,0.16272289646756113,,,,0.6,-0.5601514162900667,0.5601514162900667,16.860164578006877,0.6859438637868521,0.3140561362131479,0.4,1.4317046774037223,-1.4317046774037223,15.961691604845104,0.4698236462695031,0.5301763537304969,0.7,-17.610818724839163,17.610818724839163,16.34945583078355,0.5016572167251012,0.4983427832748988,5.0,0.6142735950663479,10.0,0.658768129587277,3,717.8,719.21,714.68,-28.280858177764934,28.280858177764934,47.830258199970174,15.251581127218223,63.288486525002256,0.2406181015452563,0.7593818984547437,718.52,716.769,38.420162901490706,-13.956997359487318,True,4,-13.516714741580449,13.516714741580449,0.4191419141914169,-0.4191419141914169,1,-3.6221788799106758,3.6221788799106758,,,recorded_review_entry.preceding_bars,3,-19.799495252305064,19.799495252305064,0.6952210270181483,0.30477897298185175,12.853045042759781,16.28988044804313,1,True,PASS,
181,56,57,QQQ,short,2026-06-08T14:13:00+00:00,715.59,2026-06-08T14:25:00+00:00,716.26,vwap_confirmed_reverse,-9.60833852497962,-0.09362903338503319,-0.0010403535922733453,vwap_trend_confirmed_htf,short,True,705.26,719.5787864841595,716.3201288727577,18,12.0,short,vwap-entry-research-v1,reconstructed_current_market_cache,recorded_review_entry,2026-06-08T14:13:00+00:00,43,2026-06-08T14:12:00+00:00,715.5799,716.3201288727578,43.0,0.0,0.06338842666864818,-0.06338842666864818,0.0,0.18814400659462122,-0.18814400659462122,1.0,0.21255889072058579,0.21255889072058579,3.0,0.10891566007139596,0.10891566007139596,1.0,-0.4768723813486364,0.4768723813486364,14.476091349128135,0.5796523158646771,0.4203476841353229,1.0,-2.1576465276373913,2.1576465276373913,14.840131758871147,0.526758532894135,0.473241467105865,0.9,-8.862883958818957,8.862883958818957,15.259162533771326,0.5506016668338629,0.44939833316613703,7.0,0.7336929375204715,13.0,0.6431792411443805,18,717.8,719.21,713.07,-30.92922819726951,30.92922819726951,50.47343613131191,35.19850786037699,85.80453419667023,0.4087785016286495,0.5912214983713505,716.32,715.2505,10.342660547062566,4.603259538172665,False,8,31.661086283465423,-31.661086283465423,1.0,-1.0,2,-56.99315803408433,56.99315803408433,,,recorded_review_entry.preceding_bars,3,-6.425618680521161,6.425618680521161,0.6850094524423215,0.31499054755767847,13.555554472508037,10.333771772164098,1,True,PASS,
181,57,58,QQQ,short,2026-06-09T13:34:00+00:00,720.985,2026-06-09T13:37:00+00:00,722.49,vwap_confirmed_reverse,-21.401352015023473,-0.20874220684202796,-0.0023192559888429087,vwap_trend_confirmed_htf,short,True,716.02,719.2572363374032,722.174309326995,3,3.0,short,vwap-entry-research-v1,reconstructed_current_market_cache,recorded_review_entry,2026-06-09T13:34:00+00:00,4,2026-06-09T13:33:00+00:00,721.0,722.1743093269951,4.0,,,,,,,,,,,,,,,,,,,,,,,,,,,,,,,,,,,3,722.98,723.11,720.97,-27.38664969985316,27.38664969985316,29.179516256171446,0.41610607930944027,29.68099861303726,0.014018691588772387,0.9859813084112277,,,,,,0,,,,,0,,,,,recorded_review_entry.preceding_bars,3,-23.52290023522996,23.52290023522996,0.52265713312907,0.47734286687093,9.341840407152198,16.26074635761294,1,True,PASS,
181,58,59,QQQ,short,2026-06-09T13:41:00+00:00,721.4526,2026-06-09T13:44:00+00:00,723.37,vwap_confirmed_reverse,-27.19119889850098,-0.2657693658599391,-0.00295310183503851,vwap_trend_confirmed_htf,short,True,716.02,719.2572363374032,722.0435989213878,3,3.0,short,vwap-entry-research-v1,reconstructed_current_market_cache,recorded_review_entry,2026-06-09T13:41:00+00:00,11,2026-06-09T13:40:00+00:00,721.44,722.0435989213877,11.0,1.0,0.8285984848484473,0.8285984848484473,2.0,0.08775552343586746,0.08775552343586746,,,,,,,0.6,0.3485805125258423,-0.3485805125258423,9.105400310490388,0.43332735300270564,0.5666726469972944,0.7,-5.693184702059151,5.693184702059151,11.66846861831905,0.48392775301226826,0.5160722469877317,,,,,,,2.0,0.5233703712518485,,,3,722.98,723.11,720.49,-21.300727544329987,21.300727544329987,23.094688221708438,13.185470998904156,36.31625637613667,0.36259541984734495,0.6374045801526551,722.86,720.49,19.682856509203248,13.168108227989096,False,2,10.540915395285122,-10.540915395285122,,,0,,,,,recorded_review_entry.preceding_bars,3,-15.224070639686671,15.224070639686671,0.5340143663341705,0.46598563366582946,1.2269523692234048,8.35959105917295,2,True,PASS,
181,59,60,QQQ,short,2026-06-09T13:57:00+00:00,722.45,2026-06-09T18:20:00+00:00,703.53,vwap_confirmed_reverse,267.22741770000323,2.618866357533403,0.029098515083704486,vwap_trend_confirmed_htf,short,True,716.02,719.2572363374032,722.9918453006368,3,263.0,short,vwap-entry-research-v1,reconstructed_current_market_cache,recorded_review_entry,2026-06-09T13:57:00+00:00,27,2026-06-09T13:56:00+00:00,722.45,722.9918453006368,27.0,1.0,1.0,1.0,1.0,0.6876920751674576,0.6876920751674576,3.0,0.016756122863198157,0.016756122863198157,,,,0.6,-0.054418335777572935,0.054418335777572935,12.59602740674114,0.4563094083494879,0.5436905916505121,0.3,5.64591833010164,-5.64591833010164,11.209080213163636,0.5385297735498138,0.46147022645018626,0.35,12.690875039385041,-12.690875039385041,10.25641912935171,0.5791006597387658,0.4208993402612341,3.0,0.6448604228466073,5.0,0.5307825722013417,3,722.98,725.66,720.49,-7.330769869152709,7.330769869152709,44.23559242620404,27.203708587211985,71.5620458163189,0.379110251450687,0.620889748549313,725.66,722.15,44.43214063256866,4.152536507717741,False,5,-37.4851850831015,37.4851850831015,0.1746981375139264,0.1746981375139264,1,9.96016487316398,-9.96016487316398,,,recorded_review_entry.preceding_bars,3,-19.61678201886974,19.61678201886974,0.4027497516757059,0.597250248324294,1.764117618903241,7.494487028569808,2,True,PASS,
181,60,61,QQQ,short,2026-06-10T13:34:00+00:00,701.21,2026-06-10T13:37:00+00:00,703.32,vwap_confirmed_reverse,-31.508610040904802,-0.30090842971435283,-0.0033422698130467546,vwap_trend_confirmed_htf,short,True,707.88,717.8404541776484,702.3696638484965,3,3.0,short,vwap-entry-research-v1,reconstructed_current_market_cache,recorded_review_entry,2026-06-10T13:34:00+00:00,4,2026-06-10T13:33:00+00:00,701.325,702.3696638484965,4.0,,,,,,,,,,,,,,,,,,,,,,,,,,,,,,,,,,,3,701.66,704.025,700.53,-4.774392155744156,4.774392155744156,38.35091083413134,11.348550383282268,49.83424232702391,0.2274678111588188,0.7725321888411811,,701.0,,4.634085481054368,False,0,,,,,0,,,,,recorded_review_entry.preceding_bars,3,-26.805648383839696,26.805648383839696,0.31209954619213115,0.6879004538078689,6.920517891270412,14.873419258634657,2,True,PASS,
181,61,62,QQQ,short,2026-06-10T14:55:00+00:00,705.865,2026-06-10T20:00:00+00:00,693.72,session_close,179.6230072730151,1.7205839643557879,0.019113409434551983,vwap_trend_confirmed_htf,short,True,707.88,717.8404541776484,706.2536719425866,3,305.0,short,vwap-entry-research-v1,reconstructed_current_market_cache,recorded_review_entry,2026-06-10T14:55:00+00:00,85,2026-06-10T14:54:00+00:00,705.9383,706.2536719425865,85.0,1.0,0.8746005822622913,0.8746005822622913,3.0,0.1469885861491962,0.1469885861491962,3.0,0.4078771525123765,0.4078771525123765,3.0,0.1609255736678637,0.1609255736678637,0.6,0.014834925401441268,-0.014834925401441268,18.49396753228988,0.3253907604299939,0.6746092395700061,0.5,0.6453856279353687,-0.6453856279353687,18.0575271238293,0.43139318537884785,0.5686068146211521,0.25,3.732062540511283,-3.732062540511283,16.902327016397994,0.4709909777510788,0.5290090222489213,5.0,0.6044210202095255,7.0,0.6339233713503571,3,701.66,711.28,699.62,60.97397599977184,-60.97397599977184,75.0998200427391,90.31045424659132,165.17024221521865,0.5418782161235025,0.4581217838764975,707.73,705.32,25.38040505806232,8.758555811463644,False,17,-2.8563740901232926,2.8563740901232926,1.0,1.0,5,-29.888201209624654,29.888201209624654,0.048569140027647575,0.048569140027647575,recorded_review_entry.preceding_bars,3,-7.667591439247667,7.667591439247667,0.18644708329423354,0.8135529167057665,5.599534761488408,4.465420218191857,1,True,PASS,
181,62,63,QQQ,short,2026-06-11T13:34:00+00:00,698.36,2026-06-11T13:38:00+00:00,699.78,vwap_confirmed_reverse,-21.59254955307437,-0.20333352425682438,-0.002259261380631382,vwap_trend_confirmed_htf,short,True,693.72,715.7439048466097,698.98289535024,3,4.0,short,vwap-entry-research-v1,reconstructed_current_market_cache,recorded_review_entry,2026-06-11T13:34:00+00:00,4,2026-06-11T13:33:00+00:00,698.36,698.98289535024,4.0,,,,,,,,,,,,,,,,,,,,,,,,,,,,,,,,,,,3,699.29,700.38,697.58,-13.299203477812327,13.299203477812327,28.841486050429506,11.181513231456933,40.093934360501095,0.27857142857142336,0.7214285714285766,,697.58,,11.169024571853667,False,0,,,,,0,,,,,recorded_review_entry.preceding_bars,3,-20.57730780222866,20.57730780222866,0.45107510385863403,0.548924896141366,13.10375226850745,8.911453404419857,1,True,PASS,
181,63,64,QQQ,short,2026-06-11T13:41:00+00:00,697.23,2026-06-11T13:45:00+00:00,698.95,vwap_confirmed_reverse,-26.143477373234248,-0.246690475166018,-0.0027406733451990056,vwap_trend_confirmed_htf,short,True,693.72,715.7439048466097,698.6991351293227,3,4.0,short,vwap-entry-research-v1,reconstructed_current_market_cache,recorded_review_entry,2026-06-11T13:41:00+00:00,11,2026-06-11T13:40:00+00:00,697.27,698.6991351293227,11.0,1.0,0.607427055702911,0.607427055702911,2.0,0.1593912638749814,0.1593912638749814,,,,,,,0.6,-1.6666387466934829,1.6666387466934829,20.981829133621602,0.5965734783327885,0.40342652166721144,0.8,-8.827646335857198,8.827646335857198,20.282530440145397,0.5534757589755182,0.44652424102448185,,,,,,,6.0,0.7718172888110536,,,3,699.29,700.38,696.82,-28.886441962562294,28.886441962562294,44.404466146949,6.457908785625151,51.05626228003421,0.12640449438200524,0.8735955056179947,700.07,697.35,40.15661078205097,-1.1473317366305869,True,2,3.439725968497065,-3.439725968497065,,,0,,,,,recorded_review_entry.preceding_bars,3,-35.868415787818634,35.868415787818634,0.6846637726323243,0.3153362273676757,20.0023200812359,20.454227828093867,1,True,PASS,
181,64,65,QQQ,short,2026-06-11T14:18:00+00:00,700.82,2026-06-11T14:24:00+00:00,703.01,vwap_confirmed_reverse,-33.035121802340214,-0.3124910818755088,-0.0034724369372153923,vwap_trend_confirmed_htf,short,True,693.72,715.7439048466097,701.8023987498524,5,6.0,short,vwap-entry-research-v1,reconstructed_current_market_cache,recorded_review_entry,2026-06-11T14:18:00+00:00,48,2026-06-11T14:17:00+00:00,700.79,701.8023987498524,48.0,0.0,0.29487179487180704,0.29487179487180704,1.0,0.63762102351313,0.63762102351313,1.0,0.19316349564656315,0.19316349564656315,1.0,0.047437232442439095,0.047437232442439095,1.0,-0.7454288735020409,0.7454288735020409,18.6187017508809,0.4742719275272428,0.5257280724727572,0.5,0.6245944467608844,-0.6245944467608844,19.626278913797023,0.5094607718040237,0.4905392281959763,0.25,12.238741483776572,-12.238741483776572,18.77930621156123,0.5724118934448532,0.42758810655514684,5.0,0.597201423121668,12.0,0.7198101874023932,5,699.29,706.42,696.82,21.45032819002024,-21.45032819002024,79.6976303049177,56.97310639763373,136.9882561109592,0.4135416666666616,0.5864583333333384,702.34,699.84,22.11789551791647,13.556129510979492,False,9,-43.294344764933655,43.294344764933655,1.0,1.0,3,-19.919468434758116,19.919468434758116,0.4730769230769144,-0.4730769230769144,recorded_review_entry.preceding_bars,3,-8.411987795489129,8.411987795489129,0.5459850101600286,0.4540149898399714,2.2196345474065997,14.425695205029902,1,True,PASS,
181,65,66,QQQ,long,2026-06-12T13:38:00+00:00,715.45,2026-06-12T13:42:00+00:00,713.87,vwap_confirmed_reverse,-23.273238887385986,-0.22084003074988343,-0.0024537685925385883,vwap_trend_confirmed_htf,long,True,716.44,716.1076784149299,715.1740857231626,3,4.0,long,vwap-entry-research-v1,reconstructed_current_market_cache,recorded_review_entry,2026-06-12T13:38:00+00:00,8,2026-06-12T13:37:00+00:00,715.425,715.1740857231626,8.0,1.0,0.6629921259842076,0.6629921259842076,,,,,,,,,,0.6,-1.546007321324705,-1.546007321324705,21.050424572806296,0.589050640499795,0.41094935950020506,,,,,,,,,,,,,,,,,3,717.61,717.76,713.08,-30.44829364139412,-30.44829364139412,32.53176549264428,32.88551074213151,65.41566201907888,0.501068376068363,0.501068376068363,,713.08,,32.77771953733674,,1,-51.978093950753035,-51.978093950753035,,,0,,,,,recorded_review_entry.preceding_bars,3,21.81777430685594,21.81777430685594,0.4997935614042261,0.500206438595774,10.33813529673122,3.508436363205047,1,True,PASS,
181,66,67,QQQ,long,2026-06-12T13:59:00+00:00,715.04,2026-06-12T14:45:00+00:00,715.61,vwap_confirmed_reverse,8.382303668049532,0.07971582009398775,0.0008857299580289088,vwap_trend_confirmed_htf,long,True,716.44,716.1076784149299,714.204645832669,3,46.0,long,vwap-entry-research-v1,reconstructed_current_market_cache,recorded_review_entry,2026-06-12T13:59:00+00:00,29,2026-06-12T13:58:00+00:00,715.03,714.204645832669,29.0,1.0,1.0,1.0,1.0,0.5106888361045446,0.5106888361045446,2.0,0.10347222222222384,-0.10347222222222384,,,,0.6,0.1040258244233705,0.1040258244233705,13.865152511083116,0.34949923377234304,0.6505007662276568,0.3,-1.9757751719373662,-1.9757751719373662,16.023103925709243,0.36876178437150653,0.6312382156284935,0.2,-14.494340313301324,-14.494340313301324,20.72521432667158,0.4779526569420069,0.5220473430579929,4.0,0.6860369688771825,10.0,0.7313635800129715,3,717.61,717.76,711.28,-35.952676244757065,-35.952676244757065,38.03499777084288,52.72185355977956,90.62556815797966,0.578703703703702,0.578703703703702,714.47,712.72,-7.831839223528319,32.3063367970567,True,5,4.905589496286833,4.905589496286833,1.0,1.0,1,-72.04470394782669,-72.04470394782669,,,recorded_review_entry.preceding_bars,3,14.566030336558011,14.566030336558011,0.3790124644109399,0.6209875355890601,3.4220584156291434,11.556269931130005,2,True,PASS,
181,67,68,QQQ,long,2026-06-15T13:33:00+00:00,739.42,2026-06-15T14:01:00+00:00,739.7099999999999,vwap_confirmed_reverse,4.127354192473428,0.039219929133655754,0.00043577830004399453,vwap_trend_confirmed_htf,long,True,721.27,716.9251145461677,738.6055035485724,3,28.0,long,vwap-entry-research-v1,reconstructed_current_market_cache,recorded_review_entry,2026-06-15T13:33:00+00:00,3,2026-06-15T13:32:00+00:00,739.44,738.6055035485724,3.0,,,,,,,,,,,,,,,,,,,,,,,,,,,,,,,,,,,3,738.08,739.45,737.38,18.426186863211846,18.426186863211846,0.1352356481167206,27.936749030351503,27.994157740993856,0.9951690821256084,0.9951690821256084,,,,,,0,,,,,0,,,,,recorded_review_entry.preceding_bars,3,18.426186863211846,18.426186863211846,0.5087201192440373,0.4912798807559628,5.959556283946508,11.298270151229133,2,True,PASS,
181,68,69,QQQ,long,2026-06-15T14:04:00+00:00,740.77,2026-06-15T14:18:00+00:00,739.97,vwap_confirmed_reverse,-11.369512225958848,-0.10799573416849421,-0.001199954401732666,vwap_trend_confirmed_htf,long,True,721.27,716.9251145461677,739.9523767905578,3,14.0,long,vwap-entry-research-v1,reconstructed_current_market_cache,recorded_review_entry,2026-06-15T14:04:00+00:00,34,2026-06-15T14:03:00+00:00,740.78,739.9523767905579,34.0,1.0,0.8464260983304367,0.8464260983304367,2.0,0.115860723214832,-0.115860723214832,2.0,0.18271395477829558,0.18271395477829558,5.0,0.21007582271554665,0.21007582271554665,0.6,0.16951087865590964,0.16951087865590964,10.258916277437308,0.46099542807871235,0.5390045719212877,0.8,1.465218261837986,1.465218261837986,9.145360295904542,0.5059999779056463,0.4940000220943537,0.9,10.884478765300631,10.884478765300631,8.2714841113423,0.4603946754314007,0.5396053245685992,7.0,0.6748598631849251,9.0,0.6772108712646842,3,738.08,742.0,737.38,36.58140039020097,36.58140039020097,16.442048517520583,46.10919742873386,62.366694565188105,0.7359307359307303,0.7359307359307303,741.6199,739.31,11.33804908339935,19.843948270742022,False,6,-19.296730579806407,-19.296730579806407,1.0,-1.0,2,-0.001351935972060403,-0.001351935972060403,,,recorded_review_entry.preceding_bars,3,14.465128225924495,14.465128225924495,0.5426923658014459,0.4573076341985542,5.328501908002868,11.184817231506129,1,True,PASS,
181,69,70,QQQ,long,2026-06-15T14:29:00+00:00,740.95,2026-06-15T14:43:00+00:00,739.88,vwap_confirmed_reverse,-15.186609790088223,-0.14440920439976385,-0.0016045394971643887,vwap_trend_confirmed_htf,long,True,721.27,716.9251145461677,740.011243971739,3,14.0,long,vwap-entry-research-v1,reconstructed_current_market_cache,recorded_review_entry,2026-06-15T14:29:00+00:00,59,2026-06-15T14:28:00+00:00,740.92,740.011243971739,59.0,1.0,1.0,1.0,4.0,0.19798520934021965,0.19798520934021965,10.0,0.08263831511994725,0.08263831511994725,11.0,0.14036696209265379,0.14036696209265379,0.6,0.14210385689050753,0.14210385689050753,6.884413971819041,0.7111253338350938,0.2888746661649061,0.5,-0.07424710500636422,-0.07424710500636422,7.755223235977022,0.6547987069319421,0.3452012930680579,0.5,0.05283453227811208,0.05283453227811208,9.181693030286702,0.5260314875079948,0.4739685124920053,4.0,0.6224667045596975,11.0,0.6878416120459473,3,738.08,742.0,737.38,38.4782137437667,38.4782137437667,14.555256064690578,48.00781144050508,62.35491011175302,0.7662337662337576,0.7662337662337576,740.2,739.54,-9.717648329103191,18.62549263078329,True,11,-7.664093055302912,-7.664093055302912,1.0,-1.0,3,8.78746501912886,8.78746501912886,1.0,1.0,recorded_review_entry.preceding_bars,3,13.379644020381498,13.379644020381498,0.7333878219040694,0.2666121780959305,3.3740432943160354,12.280300274676653,2,True,PASS,
181,70,71,QQQ,long,2026-06-16T13:37:00+00:00,742.24,2026-06-16T14:01:00+00:00,742.295,vwap_confirmed_reverse,0.778138097297024,0.0074100021556302515,8.233335728478056e-05,vwap_trend_confirmed_htf,long,True,743.84,719.4248688812752,741.9344259274998,3,24.0,long,vwap-entry-research-v1,reconstructed_current_market_cache,recorded_review_entry,2026-06-16T13:37:00+00:00,7,2026-06-16T13:36:00+00:00,742.24,741.9344259274998,7.0,1.0,0.15412186379930798,0.15412186379930798,,,,,,,,,,0.6,0.9806863808692334,0.9806863808692334,11.981299849105143,0.6258160418816057,0.37418395811839433,,,,,,,,,,,,,,,,,3,742.25,742.84,740.82,-0.1347254967998257,-0.1347254967998257,8.077109471757346,19.167949029453293,27.21491700797561,0.702970297029689,0.702970297029689,742.84,740.82,8.08363871524066,19.13127829273495,False,1,-5.658470865610443,-5.658470865610443,,,0,,,,,recorded_review_entry.preceding_bars,3,15.11226252158826,15.11226252158826,0.7514763014762776,0.24852369852372225,0.861856911032391,4.118612936961833,1,True,PASS,
181,71,72,QQQ,long,2026-06-16T14:10:00+00:00,743.28,2026-06-16T14:15:00+00:00,742.4299,vwap_confirmed_reverse,-12.011246878588977,-0.11437143472177345,-0.0012707884000533337,vwap_trend_confirmed_htf,long,True,743.84,719.4248688812752,742.6915165734405,3,5.0,long,vwap-entry-research-v1,reconstructed_current_market_cache,recorded_review_entry,2026-06-16T14:10:00+00:00,40,2026-06-16T14:09:00+00:00,743.252,742.6915165734405,40.0,1.0,1.0,1.0,3.0,0.3854084060269648,0.3854084060269648,4.0,0.12424145640371372,-0.12424145640371372,4.0,0.07087221255732956,0.07087221255732956,0.6,0.22224877634258178,0.22224877634258178,8.921603978193247,0.46480479193839985,0.5351952080616001,0.4,-0.11120830041844165,-0.11120830041844165,8.308756653194264,0.4009097570005949,0.5990902429994052,0.65,2.581484028361114,2.581484028361114,8.77777658183224,0.4760680282502407,0.5239319717497593,4.0,0.7590505307576813,10.0,0.7425358343989205,3,742.25,744.22,740.82,13.49949477938539,13.49949477938539,13.006906559889208,32.82848735185203,45.74491558717605,0.715294117647035,0.715294117647035,743.34,742.06,1.183986050492688,16.037629229386635,False,8,6.489222774208603,6.489222774208603,1.0,1.0,2,-3.367184764162534,-3.367184764162534,,,recorded_review_entry.preceding_bars,3,12.150602815381717,12.150602815381717,0.42213589943585766,0.5778641005641424,2.927548730691121,7.546651793538412,2,True,PASS,
181,72,73,QQQ,long,2026-06-17T13:44:00+00:00,735.06,2026-06-17T13:51:00+00:00,733.195,vwap_confirmed_reverse,-26.6151903904584,-0.2537207846978336,-0.0028191496598123722,vwap_trend_confirmed_htf,long,True,729.76,720.8387483099581,733.6685359059518,3,7.0,long,vwap-entry-research-v1,reconstructed_current_market_cache,recorded_review_entry,2026-06-17T13:44:00+00:00,14,2026-06-17T13:43:00+00:00,735.13,733.6685359059519,14.0,1.0,1.0,1.0,1.0,0.4198952879581162,0.4198952879581162,,,,,,,0.6,0.8173233983344019,0.8173233983344019,11.139526342279703,0.5943319303206576,0.4056680696793423,0.3,-3.227566189779596,-3.227566189779596,11.791519867234427,0.5410849057749044,0.45891509422509547,,,,,,,2.0,0.6702240696131099,,,3,735.19,735.27,732.15,-0.8161155619645921,-0.8161155619645921,1.904062453248281,40.70204193129848,42.441472936759546,0.9551282051282096,0.9551282051282096,733.97,732.15,-15.77952198930758,40.53704786908463,True,2,-10.22955112729651,-10.22955112729651,,,0,,,,,recorded_review_entry.preceding_bars,3,26.391342003149187,26.391342003149187,0.7657676420562941,0.2342323579437059,4.395678072577862,19.919950529750402,2,True,PASS,
181,73,74,QQQ,long,2026-06-17T14:17:00+00:00,733.7,2026-06-17T14:34:00+00:00,733.17,vwap_confirmed_reverse,-7.558360226212732,-0.07223660896825493,-0.0008026277730412269,vwap_trend_confirmed_htf,long,True,729.76,720.8387483099581,733.0083677840938,3,17.0,long,vwap-entry-research-v1,reconstructed_current_market_cache,recorded_review_entry,2026-06-17T14:17:00+00:00,47,2026-06-17T14:16:00+00:00,733.69,733.0083677840938,47.0,1.0,0.7115384615383397,0.7115384615383397,1.0,0.39502762430937216,0.39502762430937216,1.0,0.23974738898323544,0.23974738898323544,4.0,0.037091443261109025,-0.037091443261109025,0.6,0.32738778070751096,0.32738778070751096,10.464910248197619,0.47866498477005026,0.5213350152299497,0.3,-1.0228884022922546,-1.0228884022922546,12.067767040575776,0.4993499226048459,0.5006500773951542,0.15,-8.638231409316965,-8.638231409316965,12.736305524131419,0.5032225827510167,0.4967774172489833,4.0,0.6434185825519337,9.0,0.6915786476715612,3,735.19,735.57,730.28,-20.402889049089268,-20.402889049089268,25.558410484386194,46.69441857917623,72.10129618776428,0.6446124763705164,0.6446124763705164,733.34,731.19,-4.77040712017368,34.07433657266693,True,9,18.65085329361804,18.65085329361804,0.9711191335740333,0.9711191335740333,3,31.535167526302033,31.535167526302033,0.2777340676632593,-0.2777340676632593,recorded_review_entry.preceding_bars,3,12.281826989999356,12.281826989999356,0.45650513334688797,0.543494866653112,3.411380716849537,9.299105519993288,2,True,PASS,
181,74,75,QQQ,long,2026-06-18T13:52:00+00:00,735.2,2026-06-18T13:56:00+00:00,734.02,vwap_confirmed_reverse,-16.781582475622354,-0.16050054406964956,-0.0017833555497118877,vwap_trend_confirmed_htf,long,True,722.5,721.6944735464328,734.7329949814947,3,4.0,long,vwap-entry-research-v1,reconstructed_current_market_cache,recorded_review_entry,2026-06-18T13:52:00+00:00,22,2026-06-18T13:51:00+00:00,735.26,734.7329949814948,22.0,1.0,0.8627450980392266,0.8627450980392266,1.0,0.16808149405773012,0.16808149405773012,2.0,0.12069955096391309,-0.12069955096391309,,,,0.6,-0.24920999702748858,-0.24920999702748858,14.185458205260812,0.4684926390547595,0.5315073609452405,0.3,-4.403234138733447,-4.403234138733447,15.076299540298873,0.5132732627887311,0.4867267372112689,0.2,-26.08772599716147,-26.08772599716147,15.176468188124035,0.4947129068187663,0.5052870931812337,6.0,0.844707070966173,12.0,0.7656866805073049,3,737.2,737.65,732.51,-26.315789473685403,-26.315789473685403,32.40018979190655,37.54214959522737,69.90724369610732,0.5350194552529197,0.5350194552529197,734.41,733.225,-11.560536408889682,27.677284225987652,True,4,30.981724876824046,30.981724876824046,0.3294117647058859,0.3294117647058859,1,-61.041779706999534,-61.041779706999534,,,recorded_review_entry.preceding_bars,3,21.94506917467587,21.94506917467587,0.5092364001509456,0.49076359984905443,3.209357238333739,7.172741963472757,1,True,PASS,
181,75,76,QQQ,long,2026-06-18T14:05:00+00:00,735.43,2026-06-18T15:39:00+00:00,735.08,vwap_confirmed_reverse,-4.968044763231288,-0.04759120514527679,-0.0005287923666554246,vwap_trend_confirmed_htf,long,True,722.5,721.6944735464328,734.6976803987574,3,94.0,long,vwap-entry-research-v1,reconstructed_current_market_cache,recorded_review_entry,2026-06-18T14:05:00+00:00,35,2026-06-18T14:04:00+00:00,735.445,734.6976803987574,35.0,2.0,0.6605320699709004,0.6605320699709004,3.0,0.37736104712611385,0.37736104712611385,5.0,0.1708227669766222,0.1708227669766222,5.0,0.08679382919515444,0.08679382919515444,0.8,0.5535987981764023,0.5535987981764023,10.655045584645977,0.35884271906570336,0.6411572809342967,0.4,-0.6109783807639602,-0.6109783807639602,11.946780520637175,0.36161176646000603,0.6383882335399941,0.45,-1.404870616327214,-1.404870616327214,13.261018838934316,0.41860741120938955,0.5813925887906104,4.0,0.7128296258196954,9.0,0.7425385935036302,3,737.2,737.65,732.51,-23.80629408572976,-23.80629408572976,29.892225310105434,40.06771238617984,69.88965864204646,0.571011673151764,0.571011673151764,735.77,732.8,4.419093202074007,35.96462005996499,False,7,15.45668723019089,15.45668723019089,1.0,1.0,2,20.67723047946668,20.67723047946668,,,recorded_review_entry.preceding_bars,3,10.412696684272138,10.412696684272138,0.41444848834570686,0.5855515116542931,8.22687615601987,10.171797477801642,1,True,PASS,
181,76,77,QQQ,long,2026-06-22T13:38:00+00:00,743.51,2026-06-22T13:43:00+00:00,741.58,vwap_confirmed_reverse,-27.08460820008122,-0.2595795618081734,-0.0028842432149298438,vwap_trend_confirmed_htf,long,True,739.66,723.3734437084386,742.6139582788577,3,5.0,long,vwap-entry-research-v1,reconstructed_current_market_cache,recorded_review_entry,2026-06-22T13:38:00+00:00,8,2026-06-22T13:37:00+00:00,743.57,742.6139582788577,8.0,1.0,1.0,1.0,,,,,,,,,,0.6,-0.2930379793197879,-0.2930379793197879,15.291095660126613,0.5634365792552454,0.4365634207447546,,,,,,,,,,,,,,,,,3,742.02,744.02,740.43,20.88892482682514,20.88892482682514,6.048224510092898,42.407790067934855,48.280592277795385,0.8746518105849783,0.8746518105849783,,740.43,,42.22870745188885,,1,-12.129053125252698,-12.129053125252698,,,0,,,,,recorded_review_entry.preceding_bars,3,32.65195979221591,32.65195979221591,0.6705337690631783,0.32946623093682165,1.7340307773152106,12.874006884521204,2,True,PASS,
181,77,78,QQQ,long,2026-06-22T13:50:00+00:00,743.31,2026-06-22T14:22:00+00:00,742.83,vwap_confirmed_reverse,-6.720390651119994,-0.06457601808127222,-0.000717514529669083,vwap_trend_confirmed_htf,long,True,739.66,723.3734437084386,742.6303690484175,3,32.0,long,vwap-entry-research-v1,reconstructed_current_market_cache,recorded_review_entry,2026-06-22T13:50:00+00:00,20,2026-06-22T13:49:00+00:00,743.34,742.6303690484175,20.0,1.0,0.7763975155279605,0.7763975155279605,2.0,0.07417239225483824,-0.07417239225483824,4.0,0.02822153046214288,-0.02822153046214288,,,,0.6,0.11843641597009125,0.11843641597009125,13.183738262437046,0.445116763839745,0.5548832361602549,0.4,-3.502151827957656,-3.502151827957656,14.192428767454855,0.4958757613283213,0.5041242386716787,0.5,-6.4992009058628675,-6.4992009058628675,15.218271585008257,0.5489298656880608,0.45107013431193915,4.0,0.6082560832626758,7.0,0.6169407095536009,3,742.02,744.4399,740.43,17.789277917037438,17.789277917037438,14.774866312242724,39.301486973786616,53.94435924341507,0.7257038828898651,0.7257038828898651,744.4399,740.52,14.796728280462965,37.93687948987072,False,4,28.736795240216217,28.736795240216217,0.18267419962333387,-0.18267419962333387,1,-11.455216840516869,-11.455216840516869,,,recorded_review_entry.preceding_bars,3,19.544676434513075,19.544676434513075,0.45292554879984154,0.5470744512001585,8.021175206786868,9.555641422149726,1,True,PASS,
181,78,79,QQQ,long,2026-06-23T13:34:00+00:00,716.16,2026-06-23T14:48:00+00:00,718.48,vwap_confirmed_reverse,33.69152280537972,0.32394995531725457,0.003599443947969495,vwap_trend_confirmed_htf,long,True,738.001,725.5700846835002,715.2475462838183,3,74.0,long,vwap-entry-research-v1,reconstructed_current_market_cache,recorded_review_entry,2026-06-23T13:34:00+00:00,4,2026-06-23T13:33:00+00:00,716.16,715.2475462838183,4.0,,,,,,,,,,,,,,,,,,,,,,,,,,,,,,,,,,,3,715.74,717.01,713.28,5.868052644815158,5.868052644815158,11.854785846780697,40.3768506056527,52.08333333333359,0.7721179624664829,0.7721179624664829,717.01,713.28,11.868856121537403,40.214477211796186,False,0,,,,,0,,,,,recorded_review_entry.preceding_bars,3,26.741337066853443,26.741337066853443,0.37407490289956863,0.6259250971004314,19.885250073674346,12.757173665571145,0,True,PASS,
181,79,80,QQQ,long,2026-06-23T14:52:00+00:00,720.36,2026-06-23T14:55:00+00:00,718.7399,vwap_confirmed_reverse,-23.46602732097081,-0.22490143816980115,-0.002498916431829263,vwap_trend_confirmed_htf,long,True,738.001,725.5700846835002,719.1299138278532,3,3.0,long,vwap-entry-research-v1,reconstructed_current_market_cache,recorded_review_entry,2026-06-23T14:52:00+00:00,82,2026-06-23T14:51:00+00:00,720.39,719.1299138278532,82.0,1.0,1.0,1.0,2.0,0.04433497536947441,-0.04433497536947441,2.0,0.017094017094013668,0.017094017094013668,2.0,0.10948396094840107,-0.10948396094840107,0.6,0.17524431285220743,0.17524431285220743,11.271672288621604,0.5415617838890983,0.45843821611090174,0.7,0.5859076148029274,0.5859076148029274,12.689376587681831,0.4726127969394557,0.5273872030605443,0.85,2.448923695814731,2.448923695814731,13.109149210844256,0.45202700229614284,0.5479729977038571,2.0,0.6561213716310647,9.0,0.707354358163365,3,715.74,723.61,713.28,64.96772571045418,64.96772571045418,44.49910863586776,99.68034993270544,143.39455017421176,0.6882865440464652,0.6882865440464652,721.05,718.64,9.161704076957873,24.29239717375311,False,16,-5.975458929142752,-5.975458929142752,1.0,-1.0,5,-33.93116820164743,-33.93116820164743,1.0,-1.0,recorded_review_entry.preceding_bars,3,18.63569988178826,18.63569988178826,0.4647939697657679,0.5352060302342321,0.9061335152081611,17.522371798434364,2,True,PASS,
181,80,81,QQQ,short,2026-06-24T13:50:00+00:00,714.07,2026-06-24T13:52:00+00:00,716.68,vwap_confirmed_reverse,-38.051275977216534,-0.36551038413599507,-0.004060866318147716,vwap_trend_confirmed_htf,short,True,713.69,724.5513820799315,715.0953429971653,11,2.0,short,vwap-entry-research-v1,reconstructed_current_market_cache,recorded_review_entry,2026-06-24T13:50:00+00:00,20,2026-06-24T13:49:00+00:00,714.1,715.0953429971652,20.0,0.0,0.1239553760646204,0.1239553760646204,0.0,0.024202200653704237,0.024202200653704237,2.0,0.006161843623613018,-0.006161843623613018,,,,1.0,-3.287337995856454,3.287337995856454,26.528217336508142,0.5896539588695465,0.4103460411304535,1.0,-12.776042047863978,12.776042047863978,22.26144797647383,0.5826501913455006,0.41734980865449955,0.65,10.760851671482996,-10.760851671482996,21.741842879148724,0.585185271327098,0.4148147286729019,3.0,0.6500941192909476,9.0,0.7199604835040664,11,715.4,718.4999,711.78,-18.171652222531698,18.171652222531698,61.237308453348454,32.59434094804645,94.10306679736806,0.34524323278620694,0.6547567672137931,715.43,711.78,18.62484245903833,32.488446996219714,False,4,-1.4001680201625177,1.4001680201625177,1.0,1.0,1,-17.053396701146582,17.053396701146582,,,recorded_review_entry.preceding_bars,3,-14.682234496259383,14.682234496259383,0.783319368678696,0.21668063132130402,19.510595430457656,13.919025021102659,1,True,PASS,
181,81,82,QQQ,short,2026-06-24T13:59:00+00:00,715.11,2026-06-24T14:29:00+00:00,715.17,vwap_confirmed_reverse,-0.8702771973422591,-0.008390317573512527,-9.321887091741421e-05,vwap_trend_confirmed_htf,short,True,713.69,724.5513820799315,715.2539815591267,3,30.0,short,vwap-entry-research-v1,reconstructed_current_market_cache,recorded_review_entry,2026-06-24T13:59:00+00:00,29,2026-06-24T13:58:00+00:00,715.135,715.2539815591268,29.0,1.0,0.727482678983867,0.727482678983867,2.0,0.20679320679321,-0.20679320679321,2.0,0.04115710253998392,0.04115710253998392,,,,0.6,-0.07798836303973822,0.07798836303973822,15.27264083005342,0.3889645255836004,0.6110354744163995,0.4,2.218425326290241,-2.218425326290241,17.94486355723073,0.4652917188191494,0.5347082811808506,0.7,-11.912574648087482,11.912574648087482,19.309570920175965,0.5218920175125128,0.47810798248748726,4.0,0.6223340794904505,7.0,0.6239586912405441,3,715.4,718.4999,711.78,-3.704221414593256,3.704221414593256,46.83229601006255,47.135350810644,93.96687338754295,0.49926338189556274,0.5007366181044373,717.22,711.78,29.15533430750888,46.91421899361684,False,5,36.971165291916904,-36.971165291916904,0.940520446096707,-0.940520446096707,1,-17.053396701146582,17.053396701146582,,,recorded_review_entry.preceding_bars,3,-6.358389580626289,6.358389580626289,0.37394173729912206,0.6260582627008779,5.954729540164768,1.6634868479512461,0,True,PASS,
181,82,83,QQQ,short,2026-06-25T13:33:00+00:00,723.88,2026-06-25T14:22:00+00:00,714.37,vwap_confirmed_reverse,136.25633534381862,1.3137536608277605,0.014598965944956816,vwap_trend_confirmed_htf,short,True,710.57,722.9134038275109,725.1653550949939,3,49.0,short,vwap-entry-research-v1,reconstructed_current_market_cache,recorded_review_entry,2026-06-25T13:33:00+00:00,3,2026-06-25T13:32:00+00:00,723.84,725.1653550949939,3.0,,,,,,,,,,,,,,,,,,,,,,,,,,,,,,,,,,,3,725.9,726.83,723.651,-28.37856454056986,28.37856454056986,41.1375424789842,2.6117562195046817,43.91854553492605,0.059452658068597994,0.940547341931402,,,,,,0,,,,,0,,,,,recorded_review_entry.preceding_bars,3,-28.37856454056986,28.37856454056986,0.5339508485253348,0.4660491514746652,6.523486849661525,18.276591479197293,2,True,PASS,
181,83,84,QQQ,short,2026-06-25T14:30:00+00:00,712.29,2026-06-25T14:34:00+00:00,714.78,vwap_confirmed_reverse,-36.732769291092616,-0.3495767173482724,-0.003883955520130291,vwap_trend_confirmed_htf,short,True,710.57,722.9134038275109,713.6953052771705,8,4.0,short,vwap-entry-research-v1,reconstructed_current_market_cache,recorded_review_entry,2026-06-25T14:30:00+00:00,60,2026-06-25T14:29:00+00:00,712.31,713.6953052771705,60.0,0.0,0.0867052023121904,0.0867052023121904,1.0,0.2753822740778506,0.2753822740778506,4.0,0.11311746172744203,0.11311746172744203,4.0,0.226272840961228,-0.226272840961228,1.0,-0.43224518888718144,0.43224518888718144,19.134927208658667,0.31106895765778725,0.6889310423422128,0.8,-1.2405900205569864,1.2405900205569864,20.95281548763878,0.4053555154520625,0.5946444845479375,0.85,-4.728789179528903,4.728789179528903,23.549578133116235,0.4368131772066217,0.5631868227933783,5.0,0.7819150876008286,9.0,0.7562038237551951,8,725.9,726.83,705.3,-187.2158699545401,187.2158699545401,199.77161096817818,99.3903303558768,302.25604020721437,0.32559219693450825,0.6744078030654918,713.51,711.4721,16.84659768920899,11.763136836489599,False,12,5.197067168580816,-5.197067168580816,0.3750520905681905,0.3750520905681905,4,12.932428063368029,-12.932428063368029,1.0,-1.0,recorded_review_entry.preceding_bars,3,-6.173272535953123,6.173272535953123,0.2567071434985501,0.7432928565014499,24.43532208262923,19.41031791756815,1,True,PASS,
181,84,85,QQQ,short,2026-06-25T14:45:00+00:00,712.67,2026-06-25T14:50:00+00:00,714.27,vwap_confirmed_reverse,-23.508332474528025,-0.22450783672667893,-0.002494014365522781,vwap_trend_confirmed_htf,short,True,710.57,722.9134038275109,713.7092398149406,3,5.0,short,vwap-entry-research-v1,reconstructed_current_market_cache,recorded_review_entry,2026-06-25T14:45:00+00:00,75,2026-06-25T14:44:00+00:00,712.74,713.7092398149406,75.0,1.0,0.8725099601593816,0.8725099601593816,3.0,0.2973338224221412,0.2973338224221412,4.0,0.028513819018714547,-0.028513819018714547,6.0,0.08324921693705409,-0.08324921693705409,0.6,-0.11600807625300469,0.11600807625300469,15.459774952998686,0.4709350551862947,0.5290649448137053,0.5,0.14053658180968043,-0.14053658180968043,16.19721076409397,0.4084798284860801,0.5915201715139198,0.6,-0.23700871537579715,0.23700871537579715,17.911019446081383,0.3767906117195353,0.6232093882804647,4.0,0.7008153903250647,12.0,0.7497051859558206,3,725.9,726.83,705.3,-181.29218900674982,181.29218900674982,193.85550954143378,105.4870267971084,302.0736874596639,0.3455643288434754,0.6544356711565247,715.24,712.77,35.07590425681174,-0.42091085108135806,True,15,-31.259834259939055,31.259834259939055,0.5151862078254201,0.5151862078254201,5,6.3176515183438475,-6.3176515183438475,1.0,-1.0,recorded_review_entry.preceding_bars,3,-20.958032271924942,20.958032271924942,0.5533826198912456,0.4466173801087543,4.774789348946576,13.580317598128554,1,True,PASS,
181,85,86,QQQ,short,2026-06-26T13:35:00+00:00,704.05,2026-06-26T13:37:00+00:00,706.11,vwap_confirmed_reverse,-30.568766550391963,-0.292592855621058,-0.0032512267067757446,vwap_trend_confirmed_htf,short,True,716.26,722.6402965753072,705.4711638965856,3,2.0,short,vwap-entry-research-v1,reconstructed_current_market_cache,recorded_review_entry,2026-06-26T13:35:00+00:00,5,2026-06-26T13:34:00+00:00,704.03,705.4711638965856,5.0,1.0,0.4872798434442383,0.4872798434442383,,,,,,,,,,0.6,-13.148868961132543,13.148868961132543,26.731815405593423,0.5656946936299205,0.4343053063700795,,,,,,,,,,,,,,,,,3,707.13,707.39,702.81,-43.8391809144012,43.8391809144012,47.498551011464876,17.358887892887513,65.05404599235887,0.26637554585153195,0.733624454148468,707.39,,47.72523898129361,,,1,-43.8391809144012,43.8391809144012,,,0,,,,,recorded_review_entry.preceding_bars,3,-42.29017566688364,42.29017566688364,0.7168544717465125,0.2831455282534876,13.758352829396758,20.42838843512099,1,True,PASS,
181,86,87,QQQ,short,2026-06-26T13:40:00+00:00,704.33,2026-06-26T13:45:00+00:00,706.72,vwap_confirmed_reverse,-35.34787694633039,-0.33932957562506016,-0.003771232909135356,vwap_trend_confirmed_htf,short,True,716.26,722.6402965753072,705.476298211458,3,5.0,short,vwap-entry-research-v1,reconstructed_current_market_cache,recorded_review_entry,2026-06-26T13:40:00+00:00,10,2026-06-26T13:39:00+00:00,704.25,705.476298211458,10.0,1.0,1.0,1.0,3.0,0.2508231862279293,0.2508231862279293,,,,,,,0.6,0.014448296079550005,-0.014448296079550005,22.37841675541387,0.45905420308850875,0.5409457969114913,0.6,-13.076186134513001,13.076186134513001,24.55094071707501,0.5123744483592148,0.4876255516407853,,,,,,,4.0,0.6723563091028045,,,3,707.13,707.39,702.81,-40.728013236603914,40.728013236603914,44.388526838094776,20.48917915226099,65.03372381966689,0.3144104803493541,0.6855895196506459,706.83,704.68,36.634717784878106,-6.105786297478878,True,2,2.8407073361269575,-2.8407073361269575,,,0,,,,,recorded_review_entry.preceding_bars,3,-26.3415048646809,26.3415048646809,0.4533085612029965,0.5466914387970035,2.9900737955195833,17.382557210879497,2,True,PASS,
181,87,88,QQQ,short,2026-06-26T13:51:00+00:00,705.54,2026-06-26T13:56:00+00:00,706.26,vwap_confirmed_reverse,-10.59439791419441,-0.10204949400459608,-0.0011343245018819192,vwap_trend_confirmed_htf,short,True,716.26,722.6402965753072,705.4618495394672,3,5.0,short,vwap-entry-research-v1,reconstructed_current_market_cache,recorded_review_entry,2026-06-26T13:51:00+00:00,21,2026-06-26T13:50:00+00:00,705.41,705.4618495394672,21.0,1.0,0.22065727699533022,0.22065727699533022,4.0,0.10925449871465466,-0.10925449871465466,7.0,0.09526514479118713,0.09526514479118713,,,,0.6,0.2939117944666947,-0.2939117944666947,19.36178959753888,0.4727139082105273,0.5272860917894727,0.6,1.4617109574999176,-1.4617109574999176,21.05583986617689,0.4917556536663998,0.5082443463336002,0.65,-14.477739805726086,14.477739805726086,22.570490920174073,0.49151953615493305,0.508480463845067,4.0,0.6319715486388149,8.0,0.6662580489447051,3,707.13,707.39,702.81,-24.323674571861133,24.323674571861133,27.99021756032766,36.99435124713682,64.92678017039795,0.5676855895196505,0.43231441048034946,706.9,704.34,21.12246778469272,15.168483576925992,False,4,-26.177269640027532,26.177269640027532,0.14418604651162667,-0.14418604651162667,1,-5.939501930337654,5.939501930337654,,,recorded_review_entry.preceding_bars,3,-11.04518613970873,11.04518613970873,0.4787476027931199,0.5212523972068801,3.2375206260185165,0.7349729755199722,1,True,PASS,
181,88,89,QQQ,short,2026-06-29T14:48:00+00:00,711.02,2026-06-29T14:51:00+00:00,713.67,vwap_confirmed_reverse,-38.65325396259309,-0.37270400270034276,-0.004141401512783612,vwap_trend_confirmed_htf,short,True,705.84,721.3014934460504,712.3529100262764,3,3.0,short,vwap-entry-research-v1,reconstructed_current_market_cache,recorded_review_entry,2026-06-29T14:48:00+00:00,78,2026-06-29T14:47:00+00:00,711.0,712.3529100262764,78.0,1.0,1.0,1.0,1.0,0.7211895910780726,0.7211895910780726,2.0,0.06993006993006905,0.06993006993006905,2.0,0.321203638908328,-0.321203638908328,0.6,-0.14992436144889432,0.14992436144889432,13.755274261603336,0.4679425515196334,0.5320574484803666,0.3,0.08210742245218228,-0.08210742245218228,12.742616033755516,0.32440189523040164,0.6755981047695984,0.25,0.9854453645030681,-0.9854453645030681,14.23347398030951,0.38299997359722904,0.6170000264027709,2.0,0.7488189820330532,7.0,0.6767386826879218,3,713.99,718.66,705.172,-41.87733721760844,41.87733721760844,106.58725962207397,82.64650326445144,189.70464135021018,0.4320877817319098,0.5679122182680902,713.5,712.43,35.16174402250351,-20.11251758087131,True,15,-2.9461279461273637,2.9461279461273637,1.0,1.0,5,10.254825387014943,-10.254825387014943,1.0,-1.0,recorded_review_entry.preceding_bars,3,-22.172949002218225,22.172949002218225,0.5113145089429727,0.4886854910570273,3.6215669792709555,18.99213167005222,2,True,PASS,
181,89,90,QQQ,long,2026-06-30T13:33:00+00:00,726.26,2026-06-30T20:00:00+00:00,735.76,session_close,135.1549096145109,1.3080714895491974,0.014534316669101804,vwap_trend_confirmed_htf,long,True,723.95,721.0158865368819,725.3924491730935,3,387.0,long,vwap-entry-research-v1,reconstructed_current_market_cache,recorded_review_entry,2026-06-30T13:33:00+00:00,3,2026-06-30T13:32:00+00:00,726.345,725.3924491730936,3.0,,,,,,,,,,,,,,,,,,,,,,,,,,,,,,,,,,,3,724.18,726.62,723.91,29.89588223922368,29.89588223922368,3.784646720431274,33.63677805252116,37.31009368826159,0.8985239852398621,0.8985239852398621,,,,,,0,,,,,0,,,,,recorded_review_entry.preceding_bars,3,29.89588223922368,29.89588223922368,0.515038599511905,0.48496140048809505,4.645194523268577,13.131523880518355,1,True,PASS,
181,90,91,QQQ,long,2026-07-01T13:48:00+00:00,728.46,2026-07-01T14:46:00+00:00,727.0900000000001,vwap_confirmed_reverse,-19.68608030036296,-0.18806797902424352,-0.002089628274958481,vwap_trend_confirmed_htf,long,True,735.76,722.2616642221113,727.2407894971133,3,58.0,long,vwap-entry-research-v1,reconstructed_current_market_cache,recorded_review_entry,2026-07-01T13:48:00+00:00,18,2026-07-01T13:47:00+00:00,728.41,727.2407894971132,18.0,1.0,0.8947368421052186,0.8947368421052186,3.0,0.5603217158176697,0.5603217158176697,,,,,,,0.6,0.6478450760138976,0.6478450760138976,14.332587416427637,0.4415862818069144,0.5584137181930856,0.5,-0.02852611749482037,-0.02852611749482037,15.526969701129941,0.3349344734326043,0.6650655265673957,,,,,,,4.0,0.8205251488735124,,,3,729.18,729.71,725.52,-10.559806906387248,-10.559806906387248,17.815296487646712,39.83349873194379,57.52254911382401,0.6897374701670522,0.6897374701670522,727.87,726.2,-7.413407284358584,30.34005573783889,True,3,10.190872283581953,10.190872283581953,0.890410958904195,0.890410958904195,1,-31.542280369729614,-31.542280369729614,,,recorded_review_entry.preceding_bars,3,21.738233149428687,21.738233149428687,0.42846781398405126,0.5715321860159487,3.0761740869955636,16.077350442558668,2,True,PASS,
181,91,92,QQQ,long,2026-07-01T14:53:00+00:00,728.66,2026-07-01T14:57:00+00:00,727.89,vwap_confirmed_reverse,-11.04059940915912,-0.1056734279362092,-0.0011741509897177644,vwap_trend_confirmed_htf,long,True,735.76,722.2616642221113,728.5207042957219,3,4.0,long,vwap-entry-research-v1,reconstructed_current_market_cache,recorded_review_entry,2026-07-01T14:53:00+00:00,83,2026-07-01T14:52:00+00:00,728.67,728.520704295722,83.0,1.0,0.6174863387977979,0.6174863387977979,2.0,0.007276211191381392,0.007276211191381392,4.0,0.025245441795239958,-0.025245441795239958,4.0,0.20251836306401566,-0.20251836306401566,0.6,-0.02660301343326843,-0.02660301343326843,8.290721451411326,0.6304148529756846,0.3695851470243154,0.4,-0.9407286920892766,-0.9407286920892766,9.551923367230533,0.5103595386220199,0.48964046137798023,0.65,-0.2784466417571352,-0.2784466417571352,9.00887919085435,0.5221357590317053,0.4778642409682946,2.0,0.5000499453106356,8.0,0.5969608031100198,3,729.18,731.29,725.52,-6.994157821114122,-6.994157821114122,35.82710005606537,43.4171352960632,79.1853651172682,0.5459272097053703,0.5459272097053703,729.21,727.1884,7.410762073367606,20.332935347962145,False,16,-3.020940611053735,-3.020940611053735,1.0,-1.0,5,-27.388255915863358,-27.388255915863358,1.0,-1.0,recorded_review_entry.preceding_bars,3,9.065809535582225,9.065809535582225,0.6456670502777874,0.3543329497222126,1.8237554005146825,2.0492994007944967,1,True,PASS,
181,92,93,QQQ,long,2026-07-01T15:04:00+00:00,729.5017,2026-07-01T16:41:00+00:00,728.65,vwap_confirmed_reverse,-12.185069740569274,-0.11675092737961415,-0.0012972321905495802,vwap_trend_confirmed_htf,long,True,735.76,722.2616642221113,728.5062797000885,3,97.0,long,vwap-entry-research-v1,reconstructed_current_market_cache,recorded_review_entry,2026-07-01T15:04:00+00:00,94,2026-07-01T15:03:00+00:00,729.5,728.5062797000885,94.0,1.0,1.0,1.0,2.0,0.20941176470587355,0.20941176470587355,3.0,0.15199034981905868,0.15199034981905868,6.0,0.03580562659846158,0.03580562659846158,0.6,0.08788216755872824,0.08788216755872824,10.162577107607447,0.6951822277731979,0.30481777222680206,0.4,-0.22291393602658083,-0.22291393602658083,9.38039753255618,0.6607390137140357,0.33926098628596446,0.4,-1.1334971067911148,-1.1334971067911148,9.462028786840015,0.6195771916140327,0.3804228083859672,1.0,0.47991834449673754,5.0,0.5097147091121763,3,729.18,731.29,725.52,4.388491181877008,4.388491181877008,24.477293549754044,54.85720586613764,79.09527073337877,0.689774696707111,0.689774696707111,729.21,726.86,-3.975325565455293,36.18917066483875,True,18,-7.617505164120297,-7.617505164120297,0.0,0.0,6,-3.020940611053735,-3.020940611053735,1.0,-1.0,recorded_review_entry.preceding_bars,3,17.577105819670535,17.577105819670535,0.7180285806801754,0.28197141931982467,2.9212500077912034,13.640517969462067,2,True,PASS,
181,93,94,QQQ,long,2026-07-02T13:34:00+00:00,726.21,2026-07-02T13:40:00+00:00,725.02,vwap_confirmed_reverse,-17.082250163546924,-0.16386444692307384,-0.001820716049065841,vwap_trend_confirmed_htf,long,True,725.16,722.3306032857937,725.4385198774313,4,6.0,long,vwap-entry-research-v1,reconstructed_current_market_cache,recorded_review_entry,2026-07-02T13:34:00+00:00,4,2026-07-02T13:33:00+00:00,726.2099,725.4385198774313,4.0,,,,,,,,,,,,,,,,,,,,,,,,,,,,,,,,,,,4,725.56,726.42,723.871,8.957219251337634,8.957219251337634,2.892266182098666,32.31100569023993,35.100044766671154,0.9175755198116857,0.9175755198116857,,,,,,0,,,,,0,,,,,recorded_review_entry.preceding_bars,3,8.750301485027645,8.750301485027645,0.2715363502315595,0.7284636497684406,4.978483722278213,10.633294227317496,1,True,PASS,
181,94,95,QQQ,long,2026-07-02T13:44:00+00:00,727.4996,2026-07-02T14:19:00+00:00,726.75,vwap_confirmed_reverse,-10.723706575944329,-0.10303785734040086,-0.0011448669000590254,vwap_trend_confirmed_htf,long,True,725.16,722.3306032857937,726.0525833574422,3,35.0,long,vwap-entry-research-v1,reconstructed_current_market_cache,recorded_review_entry,2026-07-02T13:44:00+00:00,14,2026-07-02T13:43:00+00:00,727.51,726.0525833574422,14.0,1.0,1.0,1.0,2.0,0.10894941634240453,0.10894941634240453,,,,,,,0.6,2.2484948558343376,2.2484948558343376,16.410770985965936,0.39114594277029896,0.608854057229701,0.7,6.365234648146867,6.365234648146867,17.53845307968295,0.4267765777234474,0.5732234222765527,,,,,,,2.0,0.7137092493131649,,,3,725.56,728.23,723.871,26.875792491318773,26.875792491318773,9.886986254343096,50.271388134073746,59.916702175915624,0.8348245010323421,0.8348245010323421,727.22,724.4301,-3.9861995024118384,42.33481326717094,True,2,-25.65531092448503,-25.65531092448503,,,0,,,,,recorded_review_entry.preceding_bars,3,27.566815068020833,27.566815068020833,0.522263207228497,0.477736792771503,13.747174344334306,20.073155525709996,2,True,PASS,
181,95,96,QQQ,short,2026-07-06T13:39:00+00:00,719.4,2026-07-06T13:41:00+00:00,721.475,vwap_confirmed_reverse,-29.988037989996833,-0.28843480678343697,-0.003204831186482633,vwap_trend_confirmed_htf,short,True,712.74,721.9898219239714,720.322447834475,3,2.0,short,vwap-entry-research-v1,reconstructed_current_market_cache,recorded_review_entry,2026-07-06T13:39:00+00:00,9,2026-07-06T13:38:00+00:00,719.4,720.322447834475,9.0,1.0,0.8198757763975333,0.8198757763975333,,,,,,,,,,0.6,-2.944570823772974,2.944570823772974,20.203224909647005,0.4795579368045253,0.5204420631954747,,,,,,,,,,,,,,,,,3,719.84,722.29,718.45,-6.112469437653534,6.112469437653534,40.011629677830044,13.222910432179438,53.37781484570362,0.24739583333332085,0.7526041666666792,722.29,718.71,40.172365860439065,9.59132610508675,False,1,30.562347188263228,-30.562347188263228,,,0,,,,,recorded_review_entry.preceding_bars,3,-27.86210338087902,27.86210338087902,0.43312614610802463,0.5668738538919754,13.190457119531562,12.806040367730382,1,True,PASS,
181,96,97,QQQ,short,2026-07-08T14:05:00+00:00,707.71,2026-07-08T14:23:00+00:00,708.81,vwap_confirmed_reverse,-16.11325467108282,-0.1554308968362619,-0.0017269584493795655,vwap_trend_confirmed_htf,short,True,709.495,721.0650033431144,707.9106245515239,3,18.0,short,vwap-entry-research-v1,reconstructed_current_market_cache,recorded_review_entry,2026-07-08T14:05:00+00:00,35,2026-07-08T14:04:00+00:00,707.72,707.910624551524,35.0,1.0,1.0,1.0,2.0,0.05660377358492455,-0.05660377358492455,5.0,0.23098201936375223,0.23098201936375223,7.0,0.017405063291141262,-0.017405063291141262,0.6,0.08260376399560343,-0.08260376399560343,11.767365624823661,0.36146813825932717,0.6385318617406728,0.4,1.013407509600217,-1.013407509600217,11.813005143277076,0.42464034962198804,0.575359650378012,0.25,3.990718608803956,-3.990718608803956,12.858404453738745,0.42633888058845465,0.5736611194115454,4.0,0.5977222469523766,9.0,0.6134682296740389,3,704.95,709.8,704.94,39.29356691964037,-39.29356691964037,29.30402930402828,39.43598036712306,68.67122590854999,0.572016460905356,0.42798353909464404,709.5899,707.3002,26.421466116542078,5.9317244107840565,False,7,-17.6312114758026,17.6312114758026,0.07423580786024163,0.07423580786024163,2,5.362914038133937,-5.362914038133937,,,recorded_review_entry.preceding_bars,3,-8.470747684662383,8.470747684662383,0.36211782237957824,0.6378821776204218,0.06534022710853275,2.692777095198832,2,True,PASS,
181,97,98,QQQ,short,2026-07-08T14:31:00+00:00,707.39,2026-07-08T16:21:00+00:00,706.37,vwap_confirmed_reverse,14.924906565360324,0.1441920298562295,0.0016026119432298006,vwap_trend_confirmed_htf,short,True,709.495,721.0650033431144,707.7587933635157,3,110.0,short,vwap-entry-research-v1,reconstructed_current_market_cache,recorded_review_entry,2026-07-08T14:31:00+00:00,61,2026-07-08T14:30:00+00:00,707.29,707.7587933635157,61.0,1.0,0.7096613545817824,0.7096613545817824,3.0,0.5088360755637145,0.5088360755637145,4.0,0.07954821471945334,-0.07954821471945334,9.0,0.09248962725303564,0.09248962725303564,0.6,-0.17964897814692904,0.17964897814692904,13.605734564322976,0.27957492961832986,0.7204250703816701,0.4,0.2066961623747865,-0.2066961623747865,14.098318935655927,0.4570358646132733,0.5429641353867267,0.7,-1.868510811046109,1.868510811046109,13.909711716551872,0.4151687610242766,0.5848312389757235,6.0,0.8173171330387782,11.0,0.738688145993574,3,704.95,709.8,704.94,33.1938435350021,-33.1938435350021,35.36207382361216,33.33617045422176,68.7129748759335,0.483539094650197,0.516460905349803,708.76,706.27,20.78355412914119,14.421241640628057,False,12,-6.782726656114901,6.782726656114901,0.1735537190082893,-0.1735537190082893,4,7.924827351977193,-7.924827351977193,0.6272401433691327,0.6272401433691327,recorded_review_entry.preceding_bars,3,-7.346604314717453,7.346604314717453,0.2771638987059423,0.7228361012940576,7.670916351681433,6.623631778389446,1,True,PASS,
181,98,99,QQQ,short,2026-07-09T13:33:00+00:00,717.15,2026-07-09T13:35:00+00:00,719.03,vwap_confirmed_reverse,-27.173399817548617,-0.262148783378651,-0.0029125070488867344,vwap_trend_confirmed_htf,short,True,711.3,720.7696906640031,717.3012400457396,3,2.0,short,vwap-entry-research-v1,reconstructed_current_market_cache,recorded_review_entry,2026-07-09T13:33:00+00:00,3,2026-07-09T13:32:00+00:00,717.18,717.3012400457396,3.0,,,,,,,,,,,,,,,,,,,,,,,,,,,,,,,,,,,3,718.33,718.48,716.5,-16.009355031810777,16.009355031810777,18.093753479568928,9.490579204465456,27.60813184974509,0.343434343434315,0.656565656565685,,,,,,0,,,,,0,,,,,recorded_review_entry.preceding_bars,3,-16.009355031810777,16.009355031810777,0.2960179981821131,0.703982001817887,5.250246250487834,1.6902249566995238,0,True,PASS,
181,99,100,QQQ,short,2026-07-09T14:13:00+00:00,719.54,2026-07-09T14:48:00+00:00,719.4899999999999,vwap_confirmed_reverse,0.7184080700894149,0.006948884009221799,7.720676426984369e-05,vwap_trend_confirmed_htf,short,True,711.3,720.7696906640031,720.4196336513829,3,35.0,short,vwap-entry-research-v1,reconstructed_current_market_cache,recorded_review_entry,2026-07-09T14:13:00+00:00,43,2026-07-09T14:12:00+00:00,719.5535,720.4196336513829,43.0,1.0,1.0,1.0,1.0,1.0,1.0,1.0,0.5053974484789134,0.5053974484789134,1.0,0.15540463358152132,0.15540463358152132,0.6,-0.25088455868016446,0.25088455868016446,10.812260658866885,0.5011150694470796,0.49888493055292027,0.3,0.9715728340808916,-0.9715728340808916,9.213908347328994,0.5047256672872711,0.49527433271272886,0.15,9.289313139766442,-9.289313139766442,8.208562671156558,0.499950872311841,0.500049127688159,1.0,0.5945242021977248,9.0,0.7467245183546243,3,718.33,722.75,716.5,17.03256163601674,-17.03256163601674,44.22691110342462,42.616887648290096,86.8594204600492,0.48855999999999766,0.5114400000000023,722.54,721.71,41.504905472629595,-29.969974435536077,True,8,-19.93741865810028,19.93741865810028,0.8823529411764269,0.8823529411764269,2,15.949626917421966,-15.949626917421966,,,recorded_review_entry.preceding_bars,3,-18.124185001249238,18.124185001249238,0.5593998614586171,0.4406001385413829,4.8693446242536504,12.022626965245475,2,True,PASS,
181,100,101,QQQ,short,2026-07-09T14:53:00+00:00,718.22,2026-07-09T15:02:00+00:00,719.73,vwap_confirmed_reverse,-21.7373085507428,-0.21024198713485995,-0.0023358847588933647,vwap_trend_confirmed_htf,short,True,711.3,720.7696906640031,719.3870322629034,3,9.0,short,vwap-entry-research-v1,reconstructed_current_market_cache,recorded_review_entry,2026-07-09T14:53:00+00:00,83,2026-07-09T14:52:00+00:00,718.24,719.3870322629033,83.0,1.0,1.0,1.0,2.0,0.2711864406779465,0.2711864406779465,6.0,0.0038972376379587284,0.0038972376379587284,6.0,0.14020507103160698,-0.14020507103160698,0.6,-0.0734831282434012,0.0734831282434012,9.243428380485486,0.409794985248306,0.590205014751694,0.6,-0.2518238002258144,0.2518238002258144,9.01857317888166,0.5273057552549966,0.47269424474500343,0.7,-1.3113515072793458,1.3113515072793458,9.248371018044068,0.47437978672391956,0.5256202132760804,4.0,0.5750675844937541,11.0,0.6656978117327031,3,718.33,722.75,715.125,-1.252906045968727,1.252906045968727,62.400553441715545,43.55881838839376,106.16228558699042,0.4085245901639356,0.5914754098360644,719.9395,718.47,23.662007128535638,-3.202272220984882,True,16,12.245011549272267,-12.245011549272267,0.17647058823528539,-0.17647058823528539,5,-2.2259321090700723,2.2259321090700723,1.0,1.0,recorded_review_entry.preceding_bars,3,-19.038090076569645,19.038090076569645,0.5604827367179533,0.4395172632820466,0.5949300063760616,15.944577973489137,2,True,PASS,
181,101,102,QQQ,long,2026-07-10T13:33:00+00:00,722.56,2026-07-10T13:41:00+00:00,720.03,vwap_confirmed_reverse,-36.12591802073961,-0.3501439326837872,-0.003890530019360342,vwap_trend_confirmed_htf,long,True,723.19,720.9644392649502,721.549294318788,3,8.0,long,vwap-entry-research-v1,reconstructed_current_market_cache,recorded_review_entry,2026-07-10T13:33:00+00:00,3,2026-07-10T13:32:00+00:00,722.63,721.549294318788,3.0,,,,,,,,,,,,,,,,,,,,,,,,,,,,,,,,,,,3,720.7,722.7,720.22,26.779519911197536,26.779519911197536,0.9685900096865923,33.46199772291755,34.319084455392364,0.9717741935483671,0.9717741935483671,,,,,,0,,,,,0,,,,,recorded_review_entry.preceding_bars,3,26.779519911197536,26.779519911197536,0.5135365799817536,0.48646342001824644,6.756212753130008,14.977572422577765,2,True,PASS,
181,102,103,QQQ,long,2026-07-10T13:48:00+00:00,722.3696,2026-07-10T14:21:00+00:00,722.165,vwap_confirmed_reverse,-2.912025213517526,-0.028323451042240377,-0.00031470309470352486,vwap_trend_confirmed_htf,long,True,723.19,720.9644392649502,721.6500611361939,3,33.0,long,vwap-entry-research-v1,reconstructed_current_market_cache,recorded_review_entry,2026-07-10T13:48:00+00:00,18,2026-07-10T13:47:00+00:00,722.33,721.6500611361939,18.0,1.0,0.4450867052023919,0.4450867052023919,2.0,0.02732240437160235,0.02732240437160235,,,,,,,0.6,0.5247860981860697,0.5247860981860697,11.876566112441367,0.39442509663477615,0.6055749033652239,0.4,-5.1087176561148695,-5.1087176561148695,13.704677917295157,0.4762486846854169,0.5237513153145832,,,,,,,4.0,0.7324027558769381,,,3,720.7,723.19,719.83,22.616900235881143,22.616900235881143,11.891757352839692,34.73042246085881,46.51613528442697,0.7440476190476161,0.7440476190476161,722.83,719.83,6.9220439411349375,34.610219705674695,False,3,-2.633694657757646,-2.633694657757646,1.0,-1.0,1,7.353961426390665,7.353961426390665,,,recorded_review_entry.preceding_bars,3,14.696299582681593,14.696299582681593,0.4357381656168688,0.5642618343831313,0.755529448059714,9.422002441676405,1,True,PASS,
181,103,104,QQQ,long,2026-07-10T15:18:00+00:00,723.08,2026-07-10T15:43:00+00:00,720.78,vwap_confirmed_reverse,-32.69395229584051,-0.3180837528351037,-0.0035342421970079845,vwap_trend_confirmed_htf,long,True,723.19,720.9644392649502,721.7645835128367,3,25.0,long,vwap-entry-research-v1,reconstructed_current_market_cache,recorded_review_entry,2026-07-10T15:18:00+00:00,108,2026-07-10T15:17:00+00:00,723.04,721.7645835128367,108.0,1.0,0.8146067415730599,0.8146067415730599,1.0,0.7356321839080905,0.7356321839080905,1.0,0.5192507404130815,0.5192507404130815,5.0,0.15616209799035513,0.15616209799035513,0.6,0.3747346249816097,0.3747346249816097,8.876687320203681,0.4745349731786533,0.5254650268213467,0.3,0.32181434137079634,0.32181434137079634,7.570950431511268,0.4616031670900422,0.5383968329099578,0.15,-1.3270603889214971,-1.3270603889214971,8.913130670502234,0.40494450436391194,0.5950554956360883,5.0,0.7039854473706223,10.0,0.7300646734911925,3,720.7,724.09,717.0,32.468433467460756,32.468433467460756,14.500959825437008,84.23988842398833,98.05819871653064,0.8519040902679741,0.8519040902679741,723.5982,721.3,7.720181456075131,24.06505864129245,False,21,3.3271872790541224,3.3271872790541224,1.0,1.0,7,17.492468520499127,17.492468520499127,0.14981534387846032,-0.14981534387846032,recorded_review_entry.preceding_bars,3,19.95565410199518,19.95565410199518,0.6404587215316194,0.3595412784683807,10.086120135705515,17.670810071558467,1,True,PASS,
181,104,105,QQQ,long,2026-07-13T14:12:00+00:00,716.09,2026-07-13T14:18:00+00:00,714.23,vwap_confirmed_reverse,-26.61262113675257,-0.25974388694158745,-0.002886032082622216,vwap_trend_confirmed_htf,long,True,725.54,721.7006654999843,715.3779969310888,3,6.0,long,vwap-entry-research-v1,reconstructed_current_market_cache,recorded_review_entry,2026-07-13T14:12:00+00:00,42,2026-07-13T14:11:00+00:00,716.0652,715.3779969310888,42.0,1.0,0.8721795340895724,0.8721795340895724,3.0,0.2897734384779302,0.2897734384779302,5.0,0.30415102103800845,0.30415102103800845,5.0,0.12992728067164114,0.12992728067164114,0.6,0.27151719184104195,0.27151719184104195,10.27085243075679,0.48644476652343915,0.513555233476561,0.4,-0.14991193069024966,-0.14991193069024966,10.991457202500984,0.489112857814398,0.510887142185602,0.35,-1.524879010742497,-1.524879010742497,11.567382411545944,0.49698566599626687,0.5030143340037331,4.0,0.7288559039891822,9.0,0.7091144449300143,3,717.72,718.43,713.15,-23.05634509279453,-23.05634509279453,32.91622009103108,40.87779569515568,73.73630222499254,0.5521212121212201,0.5521212121212201,715.62,714.17,-6.217310937607356,26.466863631971577,True,8,11.052351772573576,11.052351772573576,0.10810810810806991,-0.10810810810806991,2,10.489217084836966,10.489217084836966,,,recorded_review_entry.preceding_bars,3,12.797315248549435,12.797315248549435,0.512837559685531,0.48716244031446904,2.982136709187556,9.606153276439503,1,True,PASS,
181,105,106,QQQ,long,2026-07-13T14:26:00+00:00,716.46,2026-07-13T15:52:00+00:00,715.18,vwap_confirmed_reverse,-18.25705887351539,-0.178656170616655,-0.0019850706250134228,vwap_trend_confirmed_htf,long,True,725.54,721.7006654999843,715.2306806456331,3,86.0,long,vwap-entry-research-v1,reconstructed_current_market_cache,recorded_review_entry,2026-07-13T14:26:00+00:00,56,2026-07-13T14:25:00+00:00,716.4667,715.2306806456331,56.0,1.0,0.7971758664955024,0.7971758664955024,1.0,0.8100760902356771,0.8100760902356771,3.0,0.25044843632204794,0.25044843632204794,7.0,0.2057779914383207,0.2057779914383207,0.6,-0.16033885066435438,-0.16033885066435438,13.376197386424147,0.35142336452581385,0.6485766354741862,0.3,-1.3491995926151468,-1.3491995926151468,19.179956305017406,0.3589242996334836,0.6410757003665164,0.5,-1.929656259821444,-1.929656259821444,14.10330724372833,0.3887693287935749,0.6112306712064252,6.0,0.8391624167208843,9.0,0.7639266243766062,3,717.72,718.43,712.56,-17.46224154266396,-17.46224154266396,27.32764500368865,54.82626024475134,81.92983707407483,0.6655366269165243,0.6655366269165243,716.92,714.3422,6.326881626180435,29.65245977237879,False,11,25.599776176818967,25.599776176818967,0.11176470588235235,0.11176470588235235,3,6.286233149401799,6.286233149401799,1.0,1.0,recorded_review_entry.preceding_bars,3,24.01818817768353,24.01818817768353,0.5484755256368757,0.4515244743631244,3.875053168028808,17.281408471614675,1,True,PASS,
181,106,107,QQQ,short,2026-07-14T13:33:00+00:00,718.32,2026-07-14T13:39:00+00:00,719.73,vwap_confirmed_reverse,-20.02337870925712,-0.19629134647510416,-0.002180790637138816,vwap_trend_confirmed_htf,short,True,711.77,720.8894733968912,719.1309062481497,3,6.0,short,vwap-entry-research-v1,reconstructed_current_market_cache,recorded_review_entry,2026-07-14T13:33:00+00:00,3,2026-07-14T13:32:00+00:00,718.355,719.1309062481497,3.0,,,,,,,,,,,,,,,,,,,,,,,,,,,,,,,,,,,3,720.22,720.286,718.09,-25.894865457777307,25.894865457777307,26.808795395161454,3.6903452213508943,30.569843601003857,0.12067395264116434,0.8793260473588357,,718.09,,3.6889838589553405,False,0,,,,,0,,,,,recorded_review_entry.preceding_bars,3,-25.894865457777307,25.894865457777307,0.4171233454177921,0.5828766545822079,2.854367924318406,10.78949940001522,2,True,PASS,
181,107,108,QQQ,short,2026-07-14T13:57:00+00:00,718.89,2026-07-14T13:59:00+00:00,719.53,vwap_confirmed_reverse,-9.063593484685923,-0.0890261375175599,-0.0009891212121680246,vwap_trend_confirmed_htf,short,True,711.77,720.8894733968912,718.916311874015,3,2.0,short,vwap-entry-research-v1,reconstructed_current_market_cache,recorded_review_entry,2026-07-14T13:57:00+00:00,27,2026-07-14T13:56:00+00:00,718.91,718.916311874015,27.0,2.0,0.2618025751072974,-0.2618025751072974,6.0,0.03854875283445812,-0.03854875283445812,9.0,0.008902077151338249,0.008902077151338249,,,,0.8,-0.0029732267825544056,0.0029732267825544056,13.711312959897512,0.6347949091709952,0.3652050908290047,0.6,0.10708792381075583,-0.10708792381075583,13.17772739285868,0.48681338328564383,0.5131866167143563,0.4,2.490709667870572,-2.490709667870572,13.953137388546699,0.5315074341888937,0.4684925658111063,7.0,0.8328961550720749,12.0,0.7091334058059662,3,720.22,720.286,717.12,-18.18888672905583,18.18888672905583,19.103522767344867,24.960954930833942,44.03889221181984,0.5653821857233094,0.43461781427669055,719.86,718.46,13.214449652947456,6.259476151394915,False,5,-3.4763745585009165,3.4763745585009165,0.06976744186039133,-0.06976744186039133,1,-18.883119046958498,18.883119046958498,,,recorded_review_entry.preceding_bars,3,-7.758508298213451,7.758508298213451,0.5680643308189443,0.4319356691810557,0.44417200354782405,0.08779706220067808,1,True,PASS,
181,108,109,QQQ,short,2026-07-14T14:04:00+00:00,718.07,2026-07-14T14:34:00+00:00,718.41,vwap_confirmed_reverse,-4.816241032662293,-0.04734914423383767,-0.0005261325389762362,vwap_trend_confirmed_htf,short,True,711.77,720.8894733968912,718.9833840497582,3,30.0,short,vwap-entry-research-v1,reconstructed_current_market_cache,recorded_review_entry,2026-07-14T14:04:00+00:00,34,2026-07-14T14:03:00+00:00,718.05,718.9833840497582,34.0,1.0,0.705263157894762,0.705263157894762,2.0,0.25301204819277684,0.25301204819277684,9.0,0.08891328210758045,0.08891328210758045,12.0,0.04867872044505709,-0.04867872044505709,0.6,-0.6916817998725566,0.6916817998725566,12.150128821112503,0.4292932135316102,0.5707067864683899,0.6,0.8547736195674283,-0.8547736195674283,10.801197688183304,0.49219691762008966,0.5078030823799103,0.45,2.062313628770074,-2.062313628770074,12.663324281039063,0.5249966801738314,0.4750033198261686,3.0,0.6332700066560827,10.0,0.6946565623612703,3,720.22,720.286,717.12,-30.129682596985454,30.129682596985454,31.043224496935803,12.968540829985916,44.091637072626426,0.2937460518003688,0.7062539481996313,720.0,718.46,27.156883225402765,-5.709908780726716,True,6,6.955166993558581,-6.955166993558581,0.4285714285713358,-0.4285714285713358,2,7.79043723828865,-7.79043723828865,,,recorded_review_entry.preceding_bars,3,-17.93310534656922,17.93310534656922,0.6221553558860259,0.377844644113974,8.933240726120278,12.981997504599885,1,True,PASS,
181,109,110,QQQ,short,2026-07-15T13:33:00+00:00,723.29,2026-07-15T14:08:00+00:00,722.15,vwap_confirmed_reverse,16.024437236816528,0.157613128897121,0.0017516660033896066,vwap_trend_confirmed_htf,short,True,719.65,720.9919301204247,723.6473386968547,3,35.0,short,vwap-entry-research-v1,reconstructed_current_market_cache,recorded_review_entry,2026-07-15T13:33:00+00:00,3,2026-07-15T13:32:00+00:00,723.21,723.6473386968547,3.0,,,,,,,,,,,,,,,,,,,,,,,,,,,,,,,,,,,3,723.85,724.36,722.9,-8.841610830973012,8.841610830973012,15.87608371527938,4.288283303362278,20.187773952241205,0.21232876712332288,0.7876712328766771,,,,,,0,,,,,0,,,,,recorded_review_entry.preceding_bars,3,-8.841610830973012,8.841610830973012,0.2190764790764951,0.7809235209235049,0.6907603890371934,6.043533548292201,2,True,PASS,
181,110,111,QQQ,short,2026-07-15T14:16:00+00:00,720.0,2026-07-15T17:47:00+00:00,716.54,vwap_confirmed_reverse,48.9348165368381,0.4805555555555606,0.005340289085591308,vwap_trend_confirmed_htf,short,True,719.65,720.9919301204247,721.1902352302416,3,211.0,short,vwap-entry-research-v1,reconstructed_current_market_cache,recorded_review_entry,2026-07-15T14:16:00+00:00,46,2026-07-15T14:15:00+00:00,719.95,721.1902352302415,46.0,1.0,0.7744846932553003,0.7744846932553003,1.0,0.8271298593878925,0.8271298593878925,6.0,0.03352738577829696,-0.03352738577829696,6.0,0.037993161230979254,0.037993161230979254,0.6,-0.4112131109978989,0.4112131109978989,9.639280505590811,0.5641396585135467,0.43586034148645325,0.3,0.133718514183645,-0.133718514183645,9.306062921036121,0.4943733158426976,0.5056266841573024,0.55,-2.155979979195921,2.155979979195921,9.20723661365376,0.49529914163305905,0.504700858366941,5.0,0.7508060703930558,10.0,0.7533890075552084,3,723.85,724.36,718.93,-53.87856600124308,53.87856600124308,60.88132972555039,14.187751241429563,75.42190429891052,0.1878453038674187,0.8121546961325813,722.29,720.74,32.502257101186444,-10.972984235015815,True,9,-17.75326960784085,17.75326960784085,0.5402499273467102,0.5402499273467102,3,-6.52152798013006,6.52152798013006,1.0,1.0,recorded_review_entry.preceding_bars,3,-19.935177749673684,19.935177749673684,0.5767132511208402,0.4232867488791599,3.1823424192306775,17.19706077059491,2,True,PASS,
181,111,112,QQQ,short,2026-07-16T13:35:00+00:00,711.36,2026-07-16T14:02:00+00:00,710.0299999999999,vwap_confirmed_reverse,19.1301594383145,0.1869658119658177,0.0020778912372358756,vwap_trend_confirmed_htf,short,True,717.7,720.8477623283792,712.7181249867555,3,27.0,short,vwap-entry-research-v1,reconstructed_current_market_cache,recorded_review_entry,2026-07-16T13:35:00+00:00,5,2026-07-16T13:34:00+00:00,711.28,712.7181249867555,5.0,1.0,0.6538461538461942,0.6538461538461942,,,,,,,,,,0.6,-1.5647732568813133,1.5647732568813133,17.571139354403716,0.5806782531349661,0.41932174686503376,,,,,,,,,,,,,,,,,3,712.01,713.599,711.2,-10.252664990660909,10.252664990660909,32.497242849276326,1.1248593925749049,33.727927117309655,0.03334722801164119,0.9666527719883589,,,,,,1,-10.252664990660909,10.252664990660909,,,0,,,,,recorded_review_entry.preceding_bars,3,-30.415586235896797,30.415586235896797,0.6513623145302797,0.34863768546972035,6.035532206936871,20.178033030691086,2,True,PASS,
181,112,113,QQQ,short,2026-07-16T14:53:00+00:00,710.41,2026-07-16T15:00:00+00:00,711.41,vwap_confirmed_reverse,-14.429741387391083,-0.14076378429357694,-0.0015639490965848048,vwap_trend_confirmed_htf,short,True,717.7,720.8477623283792,710.6449208439075,3,7.0,short,vwap-entry-research-v1,reconstructed_current_market_cache,recorded_review_entry,2026-07-16T14:53:00+00:00,83,2026-07-16T14:52:00+00:00,710.43,710.6449208439074,83.0,1.0,0.7790055248618493,0.7790055248618493,1.0,0.6581196581196183,0.6581196581196183,1.0,0.3709981167608217,0.3709981167608217,1.0,0.0810060068749279,0.0810060068749279,0.6,0.028508348710598597,-0.028508348710598597,9.697225623917694,0.43909225410886005,0.56090774589114,0.3,0.4273080168504251,-0.4273080168504251,8.339456385569061,0.3344555439070046,0.6655444560929954,0.15,2.178628962552498,-2.178628962552498,8.417718846332377,0.42643942190997774,0.5735605780900223,7.0,0.8504053109713556,13.0,0.7832057475536368,3,712.01,713.599,707.0,-22.19069956882702,22.19069956882702,44.40869451891182,48.5148514851478,92.88740621876958,0.5197757235944728,0.48022427640552723,712.31,711.62,26.462846445110642,-16.75041876046978,True,16,-7.724610609400884,7.724610609400884,0.44594594594584214,0.44594594594584214,5,-6.737078493982418,6.737078493982418,0.10227272727276397,0.10227272727276397,recorded_review_entry.preceding_bars,3,-13.494707544385864,13.494707544385864,0.42892734175373376,0.5710726582462663,3.483312472948716,3.0243070428503707,1,True,PASS,
181,113,114,QQQ,short,2026-07-16T15:08:00+00:00,709.77,2026-07-16T15:27:00+00:00,711.52,vwap_confirmed_reverse,-25.23923942382876,-0.24655874438198294,-0.0027393786463086487,vwap_trend_confirmed_htf,short,True,717.7,720.8477623283792,710.6287175910097,3,19.0,short,vwap-entry-research-v1,reconstructed_current_market_cache,recorded_review_entry,2026-07-16T15:08:00+00:00,98,2026-07-16T15:07:00+00:00,709.79,710.6287175910097,98.0,1.0,1.0,1.0,1.0,0.3393189598222325,0.3393189598222325,3.0,0.3064183432483486,0.3064183432483486,3.0,0.281569372668078,0.281569372668078,0.6,-0.1040299081389584,0.1040299081389584,8.306964031614855,0.5302049609017102,0.4697950390982898,0.3,0.1553375351881492,-0.1553375351881492,9.006748474900943,0.5546891145318337,0.44531088546816633,0.55,-0.19950002249080612,0.19950002249080612,8.869736119133702,0.4964404851002139,0.503559514899786,3.0,0.67514787968385,9.0,0.6688144513399562,3,712.01,713.599,707.0,-31.17933736885736,31.17933736885736,53.37731695251931,39.46251768033895,92.9711604840875,0.4227913320199945,0.5772086679800055,711.8399,709.58,28.88037306809028,2.958621564123511,False,19,-9.628765409538387,9.628765409538387,0.2795389048991411,-0.2795389048991411,6,-9.269532731281949,9.269532731281949,1.0,1.0,recorded_review_entry.preceding_bars,3,-12.663749314048012,12.663749314048012,0.5240179788961808,0.4759820211038191,0.3591788073808926,11.802472518320933,2,True,PASS,
181,114,115,QQQ,short,2026-07-17T13:35:00+00:00,690.31,2026-07-17T13:53:00+00:00,690.2757,vwap_confirmed_reverse,0.5073804108553962,0.004968782141344687,5.521502267142757e-05,vwap_trend_confirmed_htf,short,True,706.02,719.3432221081554,691.9914708955397,3,18.0,short,vwap-entry-research-v1,reconstructed_current_market_cache,recorded_review_entry,2026-07-17T13:35:00+00:00,5,2026-07-17T13:34:00+00:00,690.2725,691.9914708955398,5.0,1.0,0.5596330275229011,0.5596330275229011,,,,,,,,,,0.6,-4.119679094487516,4.119679094487516,18.958889424103972,0.7867622689256655,0.21323773107433452,,,,,,,,,,,,,,,,,3,691.54,693.54,690.0,-18.328657778290403,18.328657778290403,47.11336044063684,3.949275362319368,51.28409432506674,0.07697740112995458,0.9230225988700455,693.54,,47.336378024619655,,,1,-18.328657778290403,18.328657778290403,,,0,,,,,recorded_review_entry.preceding_bars,3,-45.46273930129296,45.46273930129296,0.7756837583414397,0.22431624165856032,5.378229269796898,24.840926049495454,2,True,PASS,
181,115,116,QQQ,short,2026-07-20T13:52:00+00:00,702.95,2026-07-20T15:32:00+00:00,701.81,vwap_confirmed_reverse,16.5609686544184,0.1621736965644925,0.0018018336407463315,vwap_trend_confirmed_htf,short,True,695.3,716.867653420945,704.1172954165511,3,100.0,short,vwap-entry-research-v1,reconstructed_current_market_cache,recorded_review_entry,2026-07-20T13:52:00+00:00,22,2026-07-20T13:51:00+00:00,702.9678,704.1172954165511,22.0,1.0,1.0,1.0,1.0,0.7077017198014728,0.7077017198014728,1.0,0.1240680686035273,0.1240680686035273,,,,0.6,-0.431102201097211,0.431102201097211,9.7031471427285,0.5468664562507864,0.4531335437492136,0.3,4.819804941913475,-4.819804941913475,8.675361801778038,0.5098881954285273,0.49011180457147274,0.15,21.237827520694808,-21.237827520694808,9.098923165470913,0.5190208850531738,0.4809791149468262,1.0,0.5995927485698066,5.0,0.6248700602239076,3,702.16,705.8,701.78,11.504500398769046,-11.504500398769046,40.127514876734814,16.925532218074586,57.18611862449435,0.2954726368159313,0.7045273631840687,705.8,704.06,40.28918536524637,-15.536984766584391,True,4,-20.978327120158013,20.978327120158013,0.06909090909092894,0.06909090909092894,1,47.28267061638425,-47.28267061638425,,,recorded_review_entry.preceding_bars,3,-22.31526953756946,22.31526953756946,0.6212020337781867,0.3787979662218132,2.1533853839035566,16.3253398834784,2,True,PASS,
181,116,117,QQQ,short,2026-07-21T13:33:00+00:00,705.21,2026-07-21T13:37:00+00:00,706.05,vwap_confirmed_reverse,-12.183438742653147,-0.1191134555664154,-0.0013232055599836146,vwap_trend_confirmed_htf,short,True,696.0,713.1301489049138,705.811467915682,3,4.0,short,vwap-entry-research-v1,reconstructed_current_market_cache,recorded_review_entry,2026-07-21T13:33:00+00:00,3,2026-07-21T13:32:00+00:00,705.28,705.811467915682,3.0,,,,,,,,,,,,,,,,,,,,,,,,,,,,,,,,,,,3,706.59,707.13,704.88,-18.5397472367288,18.5397472367288,26.162091836013502,5.674724775848049,31.90222323049002,0.17777777777776768,0.8222222222222323,,704.88,,5.6715063520867925,False,0,,,,,0,,,,,recorded_review_entry.preceding_bars,3,-18.5397472367288,18.5397472367288,0.36814601958284704,0.6318539804171529,6.844497731875277,7.529884959952298,1,True,PASS,
181,117,118,QQQ,short,2026-07-21T13:43:00+00:00,704.72,2026-07-21T14:20:00+00:00,705.0,vwap_confirmed_reverse,-4.059129274587826,-0.03973209217844998,-0.00044148091619899537,vwap_trend_confirmed_htf,short,True,696.0,713.1301489049138,705.5407741997876,3,37.0,short,vwap-entry-research-v1,reconstructed_current_market_cache,recorded_review_entry,2026-07-21T13:43:00+00:00,13,2026-07-21T13:42:00+00:00,704.71,705.5407741997876,13.0,1.0,1.0,1.0,4.0,0.03759398496243087,-0.03759398496243087,,,,,,,0.6,-1.778737893458615,1.778737893458615,11.588312923046455,0.44870657826871263,0.5512934217312873,0.6,-2.2055318275504554,2.2055318275504554,12.536220573001604,0.48592744935804166,0.5140725506419584,,,,,,,4.0,0.5694545824315601,,,3,706.59,707.13,704.45,-26.60666015652624,26.60666015652624,34.222844455757205,3.690822627581672,38.02982787245746,0.09701492537313275,0.9029850746268673,706.375,704.52,23.62674007747816,2.6961445133466895,False,2,15.679986377568067,-15.679986377568067,,,0,,,,,recorded_review_entry.preceding_bars,3,-15.44346840464561,15.44346840464561,0.4331383821893648,0.5668616178106353,5.5880347803139,11.774999123613142,2,True,PASS,
181,118,119,QQQ,short,2026-07-22T14:44:00+00:00,705.98,2026-07-22T14:48:00+00:00,706.47,vwap_confirmed_reverse,-7.087980956732789,-0.06940706535596038,-0.0007711204379964233,vwap_trend_confirmed_htf,short,True,708.94,713.2654563531669,706.2432881732042,3,4.0,short,vwap-entry-research-v1,reconstructed_current_market_cache,recorded_review_entry,2026-07-22T14:44:00+00:00,74,2026-07-22T14:43:00+00:00,706.01,706.2432881732042,74.0,1.0,0.5853658536585501,0.5853658536585501,1.0,0.29279279279276393,0.29279279279276393,1.0,0.12175476716740917,0.12175476716740917,1.0,0.11466915824343556,0.11466915824343556,0.6,0.21365074355017555,-0.21365074355017555,8.002436226115332,0.3561431508070682,0.6438568491929317,0.3,0.6257161977951675,-0.6257161977951675,7.747623971331764,0.41804497902814886,0.5819550209718513,0.15,1.6379039305247645,-1.6379039305247645,7.942238778487408,0.410184935241723,0.589815064758277,6.0,0.6273310890993086,12.0,0.6998773692203516,3,703.56,708.24,703.56,34.8229006765588,-34.8229006765588,31.486501750819187,34.82290067655986,66.28801291766496,0.5235042735042761,0.4764957264957239,707.0,705.58,14.022464271044448,6.090565289442784,False,14,0.8490525988102959,-0.8490525988102959,0.7478152309597214,-0.7478152309597214,4,-5.797080952649747,5.797080952649747,1.0,1.0,recorded_review_entry.preceding_bars,3,-9.339578586893271,9.339578586893271,0.5480583850447242,0.4519416149552758,4.064977473441105,3.303226764924294,1,True,PASS,
181,119,120,QQQ,short,2026-07-23T13:59:00+00:00,694.89,2026-07-23T14:07:00+00:00,696.14,vwap_confirmed_reverse,-18.35740440626678,-0.1798845860495906,-0.001998717622773229,vwap_trend_confirmed_htf,short,True,705.22,712.0949690983583,695.858598329019,3,8.0,short,vwap-entry-research-v1,reconstructed_current_market_cache,recorded_review_entry,2026-07-23T13:59:00+00:00,29,2026-07-23T13:58:00+00:00,694.89,695.8585983290191,29.0,1.0,1.0,1.0,4.0,0.13877207737595532,0.13877207737595532,5.0,0.15939278937382062,0.15939278937382062,,,,0.6,-0.1296554295815433,0.1296554295815433,14.160802429161262,0.6172334165127575,0.38276658348724235,0.6,-0.4691121546163135,0.4691121546163135,14.750679963735232,0.628352183291329,0.37164781670867075,0.3,9.310869936207666,-9.310869936207666,13.322324396667154,0.5513273095805163,0.44867269041948354,4.0,0.456274262813165,5.0,0.5500110127843355,3,694.67,698.66,693.21,3.1669713677007216,-3.1669713677007216,53.96043855380273,24.2350802787027,78.42967951762053,0.30825688073393964,0.6917431192660604,697.52,694.67,37.847716904833796,3.165968714473187,False,5,19.33304585309603,-19.33304585309603,0.26417704011066906,0.26417704011066906,1,47.936430247457196,-47.936430247457196,,,recorded_review_entry.preceding_bars,3,-24.118179077480264,24.118179077480264,0.5599028113130898,0.4400971886869101,1.856305253693376,13.919470584181763,2,True,PASS,
181,120,121,QQQ,short,2026-07-23T14:11:00+00:00,694.885,2026-07-23T16:22:00+00:00,693.13,vwap_confirmed_reverse,25.72761782061413,0.2525597760780554,0.0028063476225198536,vwap_trend_confirmed_htf,short,True,705.22,712.0949690983583,695.7254750878889,3,131.0,short,vwap-entry-research-v1,reconstructed_current_market_cache,recorded_review_entry,2026-07-23T14:11:00+00:00,41,2026-07-23T14:10:00+00:00,694.87,695.7254750878889,41.0,1.0,0.6657824933687412,0.6657824933687412,2.0,0.06213364595544835,-0.06213364595544835,4.0,0.004677268475206299,0.004677268475206299,7.0,0.15479876160990844,0.15479876160990844,0.6,-1.0523017113206468,1.0523017113206468,15.513405385179995,0.29923006454335427,0.7007699354566457,0.7,-1.2689954671973869,1.2689954671973869,14.153582684530845,0.43212525249547407,0.5678747475045258,0.7,-2.0441916857105724,2.0441916857105724,14.394778879502557,0.5344617748471501,0.46553822515285,7.0,0.6231503323109431,11.0,0.5582126553921619,3,694.67,698.66,693.21,2.8790648797283325,-2.8790648797283325,54.24670082729745,23.946567418242207,78.43193690906114,0.3045871559633007,0.6954128440366993,696.65,693.76,25.616302329931827,15.974211003497254,False,8,-10.928018865211664,10.928018865211664,0.13636363636364224,-0.13636363636364224,2,-51.14393364181957,51.14393364181957,,,recorded_review_entry.preceding_bars,3,-18.8169726220222,18.8169726220222,0.32302139108659933,0.6769786089134007,16.882648027131765,12.29615873676026,0,True,PASS,
181,121,122,QQQ,short,2026-07-24T13:39:00+00:00,689.95,2026-07-24T14:59:00+00:00,688.005,vwap_confirmed_reverse,28.789415587764704,0.28190448583231387,0.00313193665597737,vwap_trend_confirmed_htf,short,True,691.99,709.4769881513039,690.6074964193688,3,80.0,short,vwap-entry-research-v1,reconstructed_current_market_cache,recorded_review_entry,2026-07-24T13:39:00+00:00,9,2026-07-24T13:38:00+00:00,689.985,690.6074964193688,9.0,1.0,0.6979166666666371,0.6979166666666371,,,,,,,,,,0.6,2.1980714153668757,-2.1980714153668757,16.768190612839387,0.6764974195376201,0.32350258046237984,,,,,,,,,,,,,,,,,3,690.44,692.45,689.51,-6.5900005793417815,6.5900005793417815,35.59823813993836,6.888950124001433,42.60962194830401,0.16156462585034487,0.8384353741496551,692.45,689.51,35.72541432060164,6.884207627702381,False,1,22.521870111811282,-22.521870111811282,,,0,,,,,recorded_review_entry.preceding_bars,3,-21.18735989587117,21.18735989587117,0.6688734827668007,0.3311265172331994,7.137240385975549,9.013751263869134,1,True,PASS,
181,122,123,QQQ,short,2026-07-24T15:10:00+00:00,686.18,2026-07-24T15:12:00+00:00,687.84,vwap_confirmed_reverse,-24.775559336204296,-0.24191902999214232,-0.002688237342207888,vwap_trend_confirmed_htf,short,True,691.99,709.4769881513039,687.2089549159027,4,2.0,short,vwap-entry-research-v1,reconstructed_current_market_cache,recorded_review_entry,2026-07-24T15:10:00+00:00,100,2026-07-24T15:09:00+00:00,686.15,687.2089549159027,100.0,1.0,0.6511627906977098,0.6511627906977098,3.0,0.7550385742479191,0.7550385742479191,4.0,0.009536070185468067,-0.009536070185468067,4.0,0.14363821703271454,-0.14363821703271454,0.8,-0.0905941996498516,0.0905941996498516,10.4440719959191,0.45796874612845695,0.542031253871543,0.5,0.19718892008135924,-0.19718892008135924,10.44684106973691,0.47715797207626104,0.5228420279237389,0.6,-0.23250316103728963,0.23250316103728963,11.39619616701888,0.5438257037434476,0.45617429625655237,7.0,0.659415892346915,11.0,0.6641892160377089,4,690.44,692.45,683.546,-62.134291176642044,62.134291176642044,90.98129828868609,38.09546102237344,129.76754354004223,0.2924528301886713,0.7075471698113287,687.5681,686.41,20.667492530787456,-3.7892589084018207,True,20,-14.84348851084838,14.84348851084838,1.0,1.0,6,56.69346240407158,-56.69346240407158,0.21739130434782455,-0.21739130434782455,recorded_review_entry.preceding_bars,3,-7.86381045304374,7.86381045304374,0.4532812435474087,0.5467187564525914,3.365832400655685,15.409504028252009,1,True,PASS,
181,123,124,QQQ,short,2026-07-27T13:33:00+00:00,690.01,2026-07-27T13:37:00+00:00,691.72,vwap_confirmed_reverse,-25.318749221339147,-0.24782249532616002,-0.002753667530878173,vwap_trend_confirmed_htf,short,True,684.22,708.1998942892654,691.3409216125978,3,4.0,short,vwap-entry-research-v1,reconstructed_current_market_cache,recorded_review_entry,2026-07-27T13:33:00+00:00,3,2026-07-27T13:32:00+00:00,690.0,691.3409216125978,3.0,,,,,,,,,,,,,,,,,,,,,,,,,,,,,,,,,,,3,691.68,692.3,689.99,-24.2886884108251,24.2886884108251,33.22259136212559,0.14492963666126907,33.47826086956443,0.004329004329000494,0.9956709956709995,,,,,,0,,,,,0,,,,,recorded_review_entry.preceding_bars,3,-24.2886884108251,24.2886884108251,0.36942666765454996,0.63057333234545,2.2650929892958147,19.39595314956862,2,True,PASS,
181,124,125,QQQ,short,2026-07-27T13:41:00+00:00,689.605,2026-07-27T18:57:00+00:00,681.48,vwap_confirmed_reverse,120.07341824634656,1.1782107148295038,0.013090829410783785,vwap_trend_confirmed_htf,short,True,684.22,708.1998942892654,691.0276202553218,3,316.0,short,vwap-entry-research-v1,reconstructed_current_market_cache,recorded_review_entry,2026-07-27T13:41:00+00:00,11,2026-07-27T13:40:00+00:00,689.615,691.0276202553218,11.0,1.0,0.8954248366013013,0.8954248366013013,2.0,0.2273079906904609,0.2273079906904609,,,,,,,0.6,-1.0759631846934958,1.0759631846934958,14.022316799953373,0.44083608557925713,0.5591639144207429,0.7,-7.462690955061246,7.462690955061246,16.783857659708634,0.5122719039850241,0.48772809601497596,,,,,,,4.0,0.6484502406916233,,,3,691.68,692.3,689.19,-29.854846171639693,29.854846171639693,38.78376426404659,6.166659411772581,45.09762693676762,0.13665594855304444,0.8633440514469556,692.25,689.19,38.209725716522854,6.162858986535307,False,2,1.8828573083840006,-1.8828573083840006,,,0,,,,,recorded_review_entry.preceding_bars,3,-30.796016973300144,30.796016973300144,0.5661156981876542,0.4338843018123459,6.329757517092905,20.44231249106786,2,True,PASS,
181,125,126,QQQ,short,2026-07-28T13:33:00+00:00,674.95,2026-07-28T14:42:00+00:00,671.91,vwap_confirmed_reverse,46.44221055847511,0.4504037336099085,0.005004329403398463,vwap_trend_confirmed_htf,short,True,682.06,705.9502507585204,675.7704869796836,3,69.0,short,vwap-entry-research-v1,reconstructed_current_market_cache,recorded_review_entry,2026-07-28T13:33:00+00:00,3,2026-07-28T13:32:00+00:00,674.96,675.7704869796836,3.0,,,,,,,,,,,,,,,,,,,,,,,,,,,,,,,,,,,3,676.29,677.32,674.34,-19.666119564091254,19.666119564091254,34.84320557491309,9.194175045229477,44.15076448974781,0.20805369127516804,0.791946308724832,,,,,,0,,,,,0,,,,,recorded_review_entry.preceding_bars,3,-19.666119564091254,19.666119564091254,0.37446931574986037,0.6255306842501396,4.0901811013917815,11.99352435922415,2,True,PASS,
181,126,127,QQQ,short,2026-07-29T13:40:00+00:00,674.98,2026-07-29T13:46:00+00:00,675.44,vwap_confirmed_reverse,-7.058777859894399,-0.06815016741237316,-0.0007575200040037178,vwap_trend_confirmed_htf,short,True,675.5,704.1711110722621,675.4736304671574,3,6.0,short,vwap-entry-research-v1,reconstructed_current_market_cache,recorded_review_entry,2026-07-29T13:40:00+00:00,10,2026-07-29T13:39:00+00:00,674.8551,675.4736304671574,10.0,1.0,0.8235713481670527,0.8235713481670527,2.0,0.07717728484356837,-0.07717728484356837,,,,,,,0.6,-0.9436745421709247,0.9436745421709247,17.35157665697434,0.5460762661879158,0.45392373381208423,0.5,7.263840595927995,-7.263840595927995,19.64006791976525,0.5374468999394808,0.4625531000605192,,,,,,,5.0,0.5927593779627001,,,3,675.505,677.46,673.62,-9.62095025203391,9.62095025203391,38.45097865556702,18.335263204774037,56.90110365914152,0.32164062499999435,0.6783593750000056,676.08,,18.15056298752203,,,2,-25.199538843561076,25.199538843561076,,,0,,,,,recorded_review_entry.preceding_bars,3,-16.050241145664224,16.050241145664224,0.4816660785913047,0.5183339214086953,3.6908733009318286,9.156989100071826,1,True,PASS,
181,127,128,QQQ,short,2026-07-29T13:49:00+00:00,673.67,2026-07-29T17:05:00+00:00,669.36,vwap_confirmed_reverse,66.22112842392627,0.6397791203408116,0.007108656892675685,vwap_trend_confirmed_htf,short,True,675.5,704.1711110722621,675.1898974011962,3,196.0,short,vwap-entry-research-v1,reconstructed_current_market_cache,recorded_review_entry,2026-07-29T13:49:00+00:00,19,2026-07-29T13:48:00+00:00,673.67,675.1898974011962,19.0,1.0,1.0,1.0,2.0,0.3173043454978772,0.3173043454978772,,,,,,,0.6,-2.2923058330936996,2.2923058330936996,17.916487300903984,0.4690802318224302,0.5309197681775698,0.8,-4.20050544038264,4.20050544038264,15.214719372986718,0.3698690942757452,0.6301309057242548,,,,,,,3.0,0.7591326083952139,,,3,675.505,677.46,673.16,-27.164861844102273,27.164861844102273,55.94426239187668,7.576207736644942,63.82947140291342,0.1186046511627867,0.8813953488372133,676.3,673.16,39.03988599759519,7.570472189647616,False,3,8.592847195472153,-8.592847195472153,0.4149721968628266,0.4149721968628266,1,0.814205668351331,-0.814205668351331,,,recorded_review_entry.preceding_bars,3,-26.205140352956178,26.205140352956178,0.4555944082707186,0.5444055917292814,13.147929807151844,22.510665622312835,1,True,PASS,
181,128,129,QQQ,short,2026-07-30T15:14:00+00:00,678.65,2026-07-30T15:23:00+00:00,679.61,vwap_confirmed_reverse,-14.735387770111217,-0.14145730494364347,-0.001571356784742185,vwap_trend_confirmed_htf,short,True,661.53,699.4108038951643,679.4256030738513,3,9.0,short,vwap-entry-research-v1,reconstructed_current_market_cache,recorded_review_entry,2026-07-30T15:14:00+00:00,104,2026-07-30T15:13:00+00:00,678.73,679.4256030738512,104.0,1.0,0.7406376518218216,0.7406376518218216,1.0,0.2820721453756389,0.2820721453756389,5.0,0.06725316271630088,0.06725316271630088,5.0,0.22597786786456725,0.22597786786456725,0.6,-0.06360522907922217,0.06360522907922217,15.761495734680823,0.7611963184580223,0.2388036815419777,0.3,0.31437697993075275,-0.31437697993075275,13.903319434826805,0.6279775080707438,0.3720224919292562,0.4,-0.07801170204602137,0.07801170204602137,13.493804605660436,0.6126293161820502,0.38737068381794987,5.0,0.6947037120556216,8.0,0.6261082907259509,3,674.75,683.73,673.3,58.98480918858917,-58.98480918858917,73.12828163163822,80.647556809744,153.6693530564446,0.5206136145733491,0.4793863854266509,681.16,679.21,35.802159916313556,-7.072031588408029,True,20,11.047742238945446,-11.047742238945446,1.0,-1.0,6,-36.65527909329502,36.65527909329502,1.0,1.0,recorded_review_entry.preceding_bars,3,-15.59305079509743,15.59305079509743,0.7067857470219382,0.29321425297806175,7.373206497140025,10.238105109730357,1,True,PASS,
181,129,130,QQQ,short,2026-07-30T15:26:00+00:00,678.74,2026-07-30T15:41:00+00:00,679.63,vwap_confirmed_reverse,-13.639799166400032,-0.13112532044670808,-0.0014569933223867618,vwap_trend_confirmed_htf,short,True,661.53,699.4108038951643,679.4099949101898,3,15.0,short,vwap-entry-research-v1,reconstructed_current_market_cache,recorded_review_entry,2026-07-30T15:26:00+00:00,116,2026-07-30T15:25:00+00:00,678.73,679.4099949101897,116.0,1.0,1.0,1.0,2.0,0.17290552584669625,0.17290552584669625,3.0,0.1520510719061351,0.1520510719061351,6.0,0.006332141952553377,-0.006332141952553377,0.6,-0.033652951355600536,0.033652951355600536,13.312804797194584,0.2821423026663078,0.7178576973336923,0.8,-0.13346820861959152,0.13346820861959152,11.49367200506815,0.32953703574005144,0.6704629642599486,0.65,-0.10479026410825654,0.10479026410825654,13.105358537268021,0.5001056653990347,0.49989433460096533,2.0,0.7732276831580852,8.0,0.7277093531915975,3,674.75,683.73,673.3,58.98480918858917,-58.98480918858917,73.12828163163822,80.647556809744,153.6693530564446,0.5206136145733491,0.4793863854266509,680.26,678.605,22.542100688049334,1.841674892814521,False,23,1.969217173576343,-1.969217173576343,1.0,-1.0,7,-16.334098534344086,16.334098534344086,1.0,1.0,recorded_review_entry.preceding_bars,3,-12.948602875177961,12.948602875177961,0.28926349997287587,0.7107365000271241,2.5319222690051175,10.008609165067144,2,True,PASS,
181,130,131,QQQ,short,2026-07-31T14:55:00+00:00,685.4,2026-07-31T16:30:00+00:00,686.95,vwap_confirmed_reverse,-23.49303726629649,-0.22614531660345322,-0.002513131354533809,vwap_trend_confirmed_htf,short,True,683.6,697.5444627928276,686.7745335905578,77,95.0,short,vwap-entry-research-v1,reconstructed_current_market_cache,recorded_review_entry,2026-07-31T14:55:00+00:00,85,2026-07-31T14:54:00+00:00,685.3476,686.7745335905576,85.0,0.0,0.4411506092199327,0.4411506092199327,0.0,0.3120089786756718,-0.3120089786756718,0.0,0.05192376447292754,-0.05192376447292754,0.0,0.22601302658225905,-0.22601302658225905,1.0,-0.3320149383390092,0.3320149383390092,9.498829499074285,0.45954312369810585,0.5404568763018942,1.0,-1.5130164040477734,1.5130164040477734,12.46797975217212,0.46561581231202576,0.5343841876879742,1.0,-3.921216297618768,3.921216297618768,12.048557549482927,0.4592360131533334,0.5407639868466666,6.0,0.7800139485712286,11.0,0.7257082580524737,77,692.11,695.77,680.0512,-97.7070118911727,97.7070118911727,149.7966281960982,77.88237120969806,229.3551476652138,0.33694684072575937,0.6630531592742406,686.5,683.86,16.814825061033893,21.705773829222473,False,17,-12.276483189787024,12.276483189787024,0.2868269556383639,-0.2868269556383639,5,6.576832013094336,-6.576832013094336,1.0,-1.0,recorded_review_entry.preceding_bars,3,-15.186701437956973,15.186701437956973,0.48023752012874826,0.5197624798712518,8.27014489140238,20.777322407359502,1,True,PASS,
181,131,132,QQQ,short,2026-08-03T13:33:00+00:00,686.64,2026-08-03T13:36:00+00:00,689.09,vwap_confirmed_reverse,-36.9832697790299,-0.35680997320284946,-0.003964311488089341,vwap_trend_confirmed_htf,short,True,687.92,697.4800569828061,687.212694627062,3,3.0,short,vwap-entry-research-v1,reconstructed_current_market_cache,recorded_review_entry,2026-08-03T13:33:00+00:00,3,2026-08-03T13:32:00+00:00,686.66,687.212694627062,3.0,,,,,,,,,,,,,,,,,,,,,,,,,,,,,,,,,,,3,688.3,688.7,685.82,-23.826819700711876,23.826819700711876,29.621025119792034,12.248111749437435,41.94215477820166,0.2916666666666387,0.7083333333333612,,,,,,0,,,,,0,,,,,recorded_review_entry.preceding_bars,3,-23.826819700711876,23.826819700711876,0.3337642206836162,0.6662357793163838,8.194495626370605,8.04255554915131,1,True,PASS,
181,132,133,QQQ,long,2026-08-04T13:33:00+00:00,710.67,2026-08-04T20:00:00+00:00,723.68,session_close,189.0711463628791,1.8306668355214082,0.020340806221378627,vwap_trend_confirmed_htf,long,True,700.06,697.6433756386471,709.5844901072066,3,387.0,long,vwap-entry-research-v1,reconstructed_current_market_cache,recorded_review_entry,2026-08-04T13:33:00+00:00,3,2026-08-04T13:32:00+00:00,710.69,709.5844901072066,3.0,,,,,,,,,,,,,,,,,,,,,,,,,,,,,,,,,,,3,708.21,710.72,707.53,35.017861933608344,35.017861933608344,0.42210715893703166,44.66241714132379,44.88595590201149,0.9905956112852752,0.9905956112852752,,,,,,0,,,,,0,,,,,recorded_review_entry.preceding_bars,3,35.017861933608344,35.017861933608344,0.7433009935710438,0.2566990064289561,10.999858976166587,15.57967949139337,1,True,PASS,
181,133,134,QQQ,long,2026-08-05T13:36:00+00:00,727.02,2026-08-05T13:38:00+00:00,725.26,vwap_confirmed_reverse,-25.460143127925143,-0.2420841242331698,-0.002689805103752341,vwap_trend_confirmed_htf,long,True,723.68,698.9157074201013,726.2662972320915,3,2.0,long,vwap-entry-research-v1,reconstructed_current_market_cache,recorded_review_entry,2026-08-05T13:36:00+00:00,6,2026-08-05T13:35:00+00:00,726.975,726.2662972320916,6.0,2.0,0.2779097387173545,0.2779097387173545,,,,,,,,,,0.8,2.2992768741714187,2.2992768741714187,12.641425083393903,0.5106418402531572,0.4893581597468429,,,,,,,,,,,,,,,,,3,726.23,727.35,725.225,10.25845806424952,10.25845806424952,5.1557022066405445,24.13044227653487,29.23071632449534,0.8235294117647058,0.8235294117647058,,725.225,,24.072354620172632,,1,11.704281012903106,11.704281012903106,,,0,,,,,recorded_review_entry.preceding_bars,3,16.327036746166534,16.327036746166534,0.459091484965926,0.540908515034074,8.33182009340076,9.758166813046671,1,True,PASS,
181,134,135,QQQ,long,2026-08-05T13:41:00+00:00,726.8243,2026-08-05T13:57:00+00:00,726.67,vwap_confirmed_reverse,-2.227298301936924,-0.021229339745525124,-0.00023588427887238442,vwap_trend_confirmed_htf,long,True,723.68,698.9157074201013,726.1997170582156,3,16.0,long,vwap-entry-research-v1,reconstructed_current_market_cache,recorded_review_entry,2026-08-05T13:41:00+00:00,11,2026-08-05T13:40:00+00:00,726.8999,726.1997170582155,11.0,1.0,1.0,1.0,4.0,0.08852584246254529,0.08852584246254529,,,,,,,0.6,0.21625736341235324,0.21625736341235324,21.99477534664684,0.4085099584652602,0.5914900415347398,0.7,1.382320067069287,1.382320067069287,17.318753242365517,0.4595758993592087,0.5404241006407913,,,,,,,4.0,0.6955814401131114,,,3,726.23,727.69,724.63,9.224350412404547,9.224350412404547,10.857645425937585,31.324952044491766,42.09658028567701,0.7417973856209029,0.7417973856209029,727.35,724.63,6.192049276661345,31.22713319949565,False,2,-2.647649437460542,-2.647649437460542,,,0,,,,,recorded_review_entry.preceding_bars,3,22.611201500151168,22.611201500151168,0.3208891296957097,0.6791108703042904,0.9246976116096275,9.641740768241073,1,True,PASS,
181,135,136,QQQ,long,2026-08-05T14:00:00+00:00,727.9,2026-08-05T14:03:00+00:00,725.19,vwap_confirmed_reverse,-39.052358048571215,-0.3723038878966785,-0.004136766697043544,vwap_trend_confirmed_htf,long,True,723.68,698.9157074201013,726.8454330236449,3,3.0,long,vwap-entry-research-v1,reconstructed_current_market_cache,recorded_review_entry,2026-08-05T14:00:00+00:00,30,2026-08-05T13:59:00+00:00,727.99,726.8454330236451,30.0,1.0,0.7874999999999271,0.7874999999999271,4.0,0.26443768996960004,0.26443768996960004,4.0,0.15511034590702516,0.15511034590702516,9.0,0.15613450195356834,0.15613450195356834,0.6,0.44468591924307077,0.44468591924307077,10.802346186074654,0.5814450556796897,0.41855494432031026,0.7,0.9923447876647451,0.9923447876647451,13.629308094891917,0.44561627030105216,0.5543837296989478,0.85,8.891713260994472,8.891713260994472,12.327847909998871,0.3947032484197001,0.6052967515802997,4.0,0.6994961491083874,7.0,0.7589115434099091,3,726.23,728.54,724.63,24.234746567890486,24.234746567890486,7.5493452658735904,46.36849150601015,53.70952897704595,0.8593350383631818,0.8593350383631818,727.57,726.29,-5.76931001799419,23.351969120455575,True,6,7.698335235006848,7.698335235006848,0.11627906976741727,-0.11627906976741727,2,-1.4421195036362633,-1.4421195036362633,,,recorded_review_entry.preceding_bars,3,18.165054288743487,18.165054288743487,0.67827694092846,0.32172305907153986,7.12492958754899,15.747047781445726,1,True,PASS,
181,136,137,QQQ,long,2026-08-06T13:39:00+00:00,712.4,2026-08-06T15:56:00+00:00,715.71,vwap_confirmed_reverse,48.5549891407248,0.4646266142616591,0.005162477677353035,vwap_trend_confirmed_htf,long,True,717.24,700.5059309248952,710.9479935981964,5,137.0,long,vwap-entry-research-v1,reconstructed_current_market_cache,recorded_review_entry,2026-08-06T13:39:00+00:00,9,2026-08-06T13:38:00+00:00,712.35,710.9479935981965,9.0,0.0,0.5246800731261616,0.5246800731261616,,,,,,,,,,1.0,10.477887506736838,10.477887506736838,16.970590299712136,0.6590976940095217,0.34090230599047844,,,,,,,,,,,,,,,,,5,710.76,713.525,708.5,22.37042039507031,22.37042039507031,16.467537927892568,54.34015525758677,70.54116656138102,0.7661691542288637,0.7661691542288637,713.525,708.5,16.494700638730322,54.046465922650704,False,1,2.180764252348588,2.180764252348588,,,0,,,,,recorded_review_entry.preceding_bars,3,9.97695463998749,9.97695463998749,0.6084768158979483,0.3915231841020517,31.048232129315974,19.720238532607755,0,True,PASS,
181,137,138,QQQ,long,2026-08-07T13:33:00+00:00,721.65,2026-08-07T13:38:00+00:00,720.59,vwap_confirmed_reverse,-15.421343189305007,-0.14688560936741432,-0.0016320547877712065,vwap_trend_confirmed_htf,long,True,714.57,702.1279460958366,720.6136076282394,3,5.0,long,vwap-entry-research-v1,reconstructed_current_market_cache,recorded_review_entry,2026-08-07T13:33:00+00:00,3,2026-08-07T13:32:00+00:00,721.62,720.6136076282394,3.0,,,,,,,,,,,,,,,,,,,,,,,,,,,,,,,,,,,3,720.15,721.64,719.5,20.41241408039962,20.41241408039962,0.2771464996394575,29.46490618485065,29.65549735317738,0.9906542056074851,0.9906542056074851,,,,,,0,,,,,0,,,,,recorded_review_entry.preceding_bars,3,20.41241408039962,20.41241408039962,0.499082045749379,0.5009179542506211,4.396479114409428,13.965769742719292,2,True,PASS,
181,138,139,QQQ,long,2026-08-07T13:52:00+00:00,721.8,2026-08-07T13:57:00+00:00,719.6914,vwap_confirmed_reverse,-30.625408636904137,-0.29213078415072186,-0.0032459025982920922,vwap_trend_confirmed_htf,long,True,714.57,702.1279460958366,721.1023137427943,3,5.0,long,vwap-entry-research-v1,reconstructed_current_market_cache,recorded_review_entry,2026-08-07T13:52:00+00:00,22,2026-08-07T13:51:00+00:00,721.81,721.1023137427944,22.0,2.0,0.7475728155339827,0.7475728155339827,5.0,0.2845677717163178,0.2845677717163178,8.0,0.020478992864681977,0.020478992864681977,,,,0.8,1.1471986519984156,1.1471986519984156,10.141172884831102,0.351286894885394,0.648713105114606,0.7,2.3316957189156717,2.3316957189156717,12.689904545517422,0.43405926523073524,0.5659407347692648,0.6,6.781805247384476,6.781805247384476,14.418475776173624,0.45495045771058146,0.5450495422894185,5.0,0.6395141454068893,11.0,0.6825809179081876,3,720.15,722.71,719.5,23.05075331528128,23.05075331528128,12.453127810603021,32.1056289089638,44.471536831022526,0.7196261682242739,0.7196261682242739,721.63,720.67,-2.493731037252878,15.793629902605762,True,4,-5.194337479569322,-5.194337479569322,0.5386958483755208,0.5386958483755208,1,25.32666805526551,25.32666805526551,,,recorded_review_entry.preceding_bars,3,12.762002524655536,12.762002524655536,0.35917651694253366,0.6408234830574663,7.408333234533563,9.813950721255676,1,True,PASS,
181,139,140,QQQ,long,2026-08-07T14:22:00+00:00,720.29,2026-08-07T14:37:00+00:00,719.7,vwap_confirmed_reverse,-8.562067146721661,-0.08191145233168837,-0.000910125844180159,vwap_trend_confirmed_htf,long,True,714.57,702.1279460958366,719.9636909907973,3,15.0,long,vwap-entry-research-v1,reconstructed_current_market_cache,recorded_review_entry,2026-08-07T14:22:00+00:00,52,2026-08-07T14:21:00+00:00,720.28,719.9636909907973,52.0,1.0,0.9578947368420259,0.9578947368420259,1.0,0.6973094170403383,0.6973094170403383,1.0,0.10710607621008603,0.10710607621008603,2.0,0.09256756756756603,-0.09256756756756603,0.6,-0.13529000655210233,-0.13529000655210233,11.443605264619368,0.43293453457410325,0.5670654654258968,0.3,-3.810274928848223,-3.810274928848223,12.358110734714266,0.4745649215812682,0.5254350784187318,0.15,-10.626368342799841,-10.626368342799841,12.764272227466934,0.5165955989066066,0.48340440109339344,7.0,0.6809255090620958,12.0,0.6826336046092791,3,720.15,722.71,716.51,1.8051794764972762,1.8051794764972762,33.62344508862564,52.61615329862782,86.07763647470492,0.6080645161290249,0.6080645161290249,720.47,718.25,2.6378630532578247,28.183484200588282,False,10,44.91122362163091,44.91122362163091,0.4781609195402368,0.4781609195402368,3,-32.600233553912176,-32.600233553912176,1.0,-1.0,recorded_review_entry.preceding_bars,3,9.727896828704008,9.727896828704008,0.3765664715498899,0.6234335284501101,3.2445252662747253,4.3934022390401095,1,True,PASS,
181,140,141,QQQ,long,2026-08-10T13:49:00+00:00,722.535,2026-08-10T13:55:00+00:00,721.685,vwap_confirmed_reverse,-12.28678211159816,-0.11764135993412399,-0.0013071262214902663,vwap_trend_confirmed_htf,long,True,722.98,703.5963720164084,721.8729408185271,3,6.0,long,vwap-entry-research-v1,reconstructed_current_market_cache,recorded_review_entry,2026-08-10T13:49:00+00:00,19,2026-08-10T13:48:00+00:00,722.535,721.8729408185271,19.0,1.0,0.857868020304469,0.857868020304469,1.0,0.5431235431235307,0.5431235431235307,,,,,,,0.6,0.3165140467942251,0.3165140467942251,7.317846194302544,0.35416951008555475,0.6458304899144454,0.3,-1.7966181397743863,-1.7966181397743863,8.786702374279457,0.33155158450959005,0.66844841549041,,,,,,,4.0,0.6669607358991247,,,3,722.39,723.25,720.34,2.0072260136494435,2.0072260136494435,9.885931558935802,30.471721686980263,40.27486557744564,0.7542955326460344,0.7542955326460344,722.35,721.53,-2.5604295985654044,13.909360792210695,True,3,4.089299205014552,4.089299205014552,1.0,1.0,1,-9.690056617616127,-9.690056617616127,,,recorded_review_entry.preceding_bars,3,12.95731707317005,12.95731707317005,0.5416956023685965,0.45830439763140357,2.005844305846084,9.171408762352785,2,True,PASS,
181,141,142,QQQ,long,2026-08-10T14:00:00+00:00,722.44,2026-08-10T14:55:00+00:00,722.17,vwap_confirmed_reverse,-3.8987814400497927,-0.037373345883408376,-0.00041526003737355014,vwap_trend_confirmed_htf,long,True,722.98,703.5963720164084,721.9628532561198,3,55.0,long,vwap-entry-research-v1,reconstructed_current_market_cache,recorded_review_entry,2026-08-10T14:00:00+00:00,30,2026-08-10T13:59:00+00:00,722.45,721.9628532561198,30.0,1.0,1.0,1.0,2.0,0.004291845493558043,0.004291845493558043,3.0,0.33185840707963066,0.33185840707963066,6.0,0.036830357142847936,-0.036830357142847936,0.6,0.14538437776323576,0.14538437776323576,9.267077306388211,0.45671018040136435,0.5432898195986356,0.6,-0.029902922219493533,-0.029902922219493533,9.994878538307379,0.35701804607560816,0.642981953924392,0.5,-0.009056614267421992,-0.009056614267421992,9.155996954806659,0.3633844656422606,0.6366155343577391,3.0,0.7895320991371948,7.0,0.7052286634860909,3,722.39,723.25,720.34,0.8305762815097317,0.8305762815097317,11.061182163843132,29.29172335286134,40.27960412485249,0.7250859106529336,0.7250859106529336,722.2078,721.265,-3.352481140563711,16.402519205482164,True,6,10.600192604808267,10.600192604808267,0.15606936416183756,-0.15606936416183756,2,10.114725932495183,10.114725932495183,,,recorded_review_entry.preceding_bars,3,8.450626177547438,8.450626177547438,0.3670115840519907,0.6329884159480094,1.2927419851379542,6.747531977346557,2,True,PASS,
181,142,143,QQQ,long,2026-08-11T14:02:00+00:00,721.285,2026-08-11T15:09:00+00:00,720.58,vwap_confirmed_reverse,-10.192642348208421,-0.09774222394752798,-0.0010860222010665003,vwap_trend_confirmed_htf,long,True,720.805,706.1346781023888,720.1912262978154,3,67.0,long,vwap-entry-research-v1,reconstructed_current_market_cache,recorded_review_entry,2026-08-11T14:02:00+00:00,32,2026-08-11T14:01:00+00:00,721.27,720.1912262978154,32.0,1.0,1.0,1.0,1.0,0.5237789203084492,0.5237789203084492,2.0,0.042301184433157134,0.042301184433157134,3.0,0.014877078141849917,-0.014877078141849917,0.6,0.7256339529160272,0.7256339529160272,7.900231536040024,0.5057674841552287,0.4942325158447714,0.3,-0.11001374165098277,-0.11001374165098277,8.930220305849256,0.5570606656820375,0.4429393343179626,0.2,-10.657397025582993,-10.657397025582993,9.680910061419366,0.5069020642428314,0.49309793575716876,4.0,0.6011392961658574,7.0,0.664755985420455,3,723.29,723.38,718.401,-27.927940383525307,-27.927940383525307,29.168625065664155,39.93591322951984,69.03101473789346,0.5762201245229974,0.5762201245229974,720.049,719.57,-16.928473387219817,23.5695370665622,True,6,23.22638071793115,23.22638071793115,1.0,1.0,2,3.1924491637158603,3.1924491637158603,,,recorded_review_entry.preceding_bars,3,19.169595354846525,19.169595354846525,0.6001320724980362,0.3998679275019638,7.5032791851053275,14.978989784838774,2,True,PASS,
181,143,144,QQQ,long,2026-08-12T13:51:00+00:00,726.16,2026-08-12T13:54:00+00:00,725.32,vwap_confirmed_reverse,-12.051104044335688,-0.11567698578824476,-0.0012853018087561462,vwap_trend_confirmed_htf,long,True,718.33,707.882652277517,725.4004997903883,3,3.0,long,vwap-entry-research-v1,reconstructed_current_market_cache,recorded_review_entry,2026-08-12T13:51:00+00:00,21,2026-08-12T13:50:00+00:00,726.17,725.4004997903883,21.0,1.0,0.6587762393925568,0.6587762393925568,1.0,0.5924343666702747,0.5924343666702747,1.0,0.0865437570480665,0.0865437570480665,,,,0.6,1.9896111282080575,1.9896111282080575,9.7354613933377,0.5050438518986851,0.49495614810131494,0.3,0.16166118464111534,0.16166118464111534,8.460277896360033,0.4202585967692792,0.5797414032307209,0.15,-13.330165871991984,-13.330165871991984,10.661139953454365,0.4945106604359501,0.5054893395640498,5.0,0.6861185907360992,10.0,0.7005012781052544,3,727.08,727.25,723.73,-12.515816691424098,-12.515816691424098,14.85046407700297,33.71423044505466,48.47349794125318,0.693181818181805,0.693181818181805,726.6,724.1702,5.921478441688086,27.53900601787373,False,4,20.971013093087354,20.971013093087354,1.0,1.0,1,-30.94570061066171,-30.94570061066171,,,recorded_review_entry.preceding_bars,3,13.375620518476516,13.375620518476516,0.5591126475906402,0.4408873524093597,16.148230703260097,10.607936027533025,0,True,PASS,
181,144,145,QQQ,long,2026-08-12T14:27:00+00:00,725.85,2026-08-12T14:32:00+00:00,724.61,vwap_confirmed_reverse,-17.77673534467588,-0.1708341943927821,-0.00189815358946509,vwap_trend_confirmed_htf,long,True,718.33,707.882652277517,725.1731411355682,3,5.0,long,vwap-entry-research-v1,reconstructed_current_market_cache,recorded_review_entry,2026-08-12T14:27:00+00:00,57,2026-08-12T14:26:00+00:00,725.8358,725.1731411355684,57.0,1.0,0.8452778809258497,0.8452778809258497,3.0,0.3055106919051445,0.3055106919051445,5.0,0.19499169238070638,0.19499169238070638,5.0,0.16087309935927424,0.16087309935927424,0.6,0.06872790344170099,0.06872790344170099,7.230285417169861,0.6022421141598605,0.39775788584013955,0.4,-0.27727778710517903,-0.27727778710517903,7.035751061052681,0.5312109292161522,0.4687890707838478,0.35,-0.5472010620266587,-0.5472010620266587,6.487968766489625,0.4922542836435455,0.5077457163564546,4.0,0.5519785854798669,9.0,0.5929685513480457,3,727.08,727.25,723.61,-17.112284755461673,-17.112284755461673,19.445857683053294,30.759663354568563,50.14908330506688,0.6114835164835011,0.6114835164835011,725.07,724.02,-10.550595603026185,25.016677325642625,True,11,14.42692658143896,14.42692658143896,0.47440273037533603,0.47440273037533603,3,-4.8273198720061306,-4.8273198720061306,0.25000000000005074,-0.25000000000005074,recorded_review_entry.preceding_bars,3,12.978431359023102,12.978431359023102,0.6954268261020959,0.30457317389790406,3.003680275928321,9.137939987599598,1,True,PASS,
181,145,146,QQQ,long,2026-08-12T14:40:00+00:00,725.3888,2026-08-12T14:49:00+00:00,724.86,vwap_confirmed_reverse,-7.572778350879893,-0.07289883714773827,-0.0008099847469210209,vwap_trend_confirmed_htf,long,True,718.33,707.882652277517,725.0599783796736,3,9.0,long,vwap-entry-research-v1,reconstructed_current_market_cache,recorded_review_entry,2026-08-12T14:40:00+00:00,70,2026-08-12T14:39:00+00:00,725.37,725.0599783796737,70.0,1.0,0.9199353012534165,0.9199353012534165,1.0,0.1170164577986052,0.1170164577986052,3.0,0.19688079061149028,0.19688079061149028,6.0,0.012721675190191791,-0.012721675190191791,0.6,-0.5531967024330342,-0.5531967024330342,6.984573390131837,0.45481359888672246,0.5451864011132775,0.3,-1.6478615878323666,-1.6478615878323666,9.294842632035786,0.45727510457060605,0.542724895429394,0.45,-1.6128032108764234,-1.6128032108764234,7.90672346526576,0.4705750205434013,0.5294249794565986,5.0,0.6260644900613691,8.0,0.6429168123953607,3,727.08,727.25,723.23,-23.518732464103962,-23.518732464103962,25.850807837744867,29.58948052486742,55.41999255552314,0.5323383084577105,0.5323383084577105,725.535,723.96,2.274701186979936,19.43835559783239,False,14,14.496355202120448,14.496355202120448,0.07216494845360341,0.07216494845360341,4,7.72765534657216,7.72765534657216,0.2134831460675076,0.2134831460675076,recorded_review_entry.preceding_bars,3,7.311958501186044,7.311958501186044,0.5005517867408793,0.4994482132591207,1.838373292384958,4.27580654802027,1,True,PASS,
181,146,147,QQQ,long,2026-08-13T13:36:00+00:00,726.845,2026-08-13T15:38:00+00:00,730.8199999999999,vwap_confirmed_reverse,56.7692634505628,0.5468841362326249,0.006076476469131534,vwap_trend_confirmed_htf,long,True,723.66,708.8588335849274,725.0834822160273,3,122.0,long,vwap-entry-research-v1,reconstructed_current_market_cache,recorded_review_entry,2026-08-13T13:36:00+00:00,6,2026-08-13T13:35:00+00:00,726.83,725.083482216027,6.0,1.0,1.0,1.0,,,,,,,,,,0.6,5.316054116435431,5.316054116435431,12.05233686006355,0.6674595261534725,0.3325404738465277,,,,,,,,,,,,,,,,,3,725.15,726.835,724.03,23.16762049231258,23.16762049231258,0.06879140382611532,38.672430700386286,38.592243027944136,0.9982174688057057,0.9982174688057057,,724.03,,38.52345115088904,,1,11.308005240295849,11.308005240295849,,,0,,,,,recorded_review_entry.preceding_bars,3,32.715406332359805,32.715406332359805,0.7828114541191032,0.21718854588089673,2.4396750584214124,24.087126886896083,2,True,PASS,
181,147,148,QQQ,long,2026-08-14T13:45:00+00:00,733.87,2026-08-14T13:59:00+00:00,733.0,vwap_confirmed_reverse,-12.373332075248209,-0.1185496068786031,-0.001317223837209309,vwap_trend_confirmed_htf,long,True,732.06,710.4516593673708,733.0781412528194,3,14.0,long,vwap-entry-research-v1,reconstructed_current_market_cache,recorded_review_entry,2026-08-14T13:45:00+00:00,15,2026-08-14T13:44:00+00:00,733.9,733.0781412528194,15.0,1.0,1.0,1.0,1.0,0.496753246753213,0.496753246753213,,,,,,,0.6,0.6787886271841792,0.6787886271841792,7.803515465322372,0.5940137323399629,0.4059862676600372,0.3,-3.00546450296979,-3.00546450296979,7.941681427987448,0.5871257779784079,0.4128742220215921,,,,,,,3.0,0.5784421339776089,,,3,733.41,734.09,731.7201,6.68111970112184,6.68111970112184,2.5882384993673058,29.791446210101036,32.29186537675473,0.9198278408371441,0.9198278408371441,,732.3267,,21.43752554844008,,3,12.75640719543114,12.75640719543114,1.0,1.0,1,6.68111970112184,6.68111970112184,,,recorded_review_entry.preceding_bars,3,13.794721983819702,13.794721983819702,0.722632971317128,0.27736702868287205,4.302715031100935,11.211066064199773,2,True,PASS,
181,148,149,QQQ,long,2026-08-14T14:05:00+00:00,733.72,2026-08-14T14:11:00+00:00,733.07,vwap_confirmed_reverse,-9.235371924978383,-0.0885896527285582,-0.0009843317107003323,vwap_trend_confirmed_htf,long,True,732.06,710.4516593673708,733.2623364242619,3,6.0,long,vwap-entry-research-v1,reconstructed_current_market_cache,recorded_review_entry,2026-08-14T14:05:00+00:00,35,2026-08-14T14:04:00+00:00,733.735,733.2623364242619,35.0,1.0,0.5173080642042143,0.5173080642042143,2.0,0.1689489596300992,0.1689489596300992,2.0,0.051275105452575416,-0.051275105452575416,3.0,0.16350830119067877,0.16350830119067877,0.6,0.044291364611481754,0.044291364611481754,5.962643188617763,0.4983141961486437,0.5016858038513562,0.5,-0.27532764364956996,-0.27532764364956996,6.1062917810928266,0.4277700122749738,0.5722299877250262,0.75,1.7450529977236506,1.7450529977236506,7.522198068785344,0.41887858715098814,0.5811214128490119,5.0,0.8131312770093664,10.0,0.7314504516271174,3,733.41,734.39,731.7201,4.431354903806639,4.431354903806639,8.918966761529605,27.536485604263316,36.38779668408873,0.754672459642692,0.754672459642692,733.63,732.64,-1.4310343652683624,14.92364409493928,True,7,9.617614558750098,9.617614558750098,0.3365853658536553,0.3365853658536553,2,-11.173641108098709,-11.173641108098709,,,recorded_review_entry.preceding_bars,3,10.300417473874113,10.300417473874113,0.5359971139970169,0.464002886002983,2.6426477224933476,6.4460364627898175,1,True,PASS,
181,149,150,QQQ,long,2026-08-17T13:52:00+00:00,733.57,2026-08-17T14:02:00+00:00,732.9,vwap_confirmed_reverse,-9.513048715439178,-0.09133416033917317,-0.0010148279695435171,vwap_trend_confirmed_htf,long,True,731.03,712.9026641455663,732.859851147271,3,10.0,long,vwap-entry-research-v1,reconstructed_current_market_cache,recorded_review_entry,2026-08-17T13:52:00+00:00,22,2026-08-17T13:51:00+00:00,733.5958,732.8598511472709,22.0,1.0,0.6811346548188809,0.6811346548188809,2.0,0.20426948687817928,0.20426948687817928,5.0,0.1290774888224564,0.1290774888224564,,,,0.6,0.22568184575577632,0.22568184575577632,8.205608592633201,0.6696656739974098,0.3303343260025901,0.4,-1.3928096641580012,-1.3928096641580012,8.117140256255249,0.515441137312624,0.484558862687376,0.25,-7.053977445851123,-7.053977445851123,9.981859220022654,0.5581938743188075,0.44180612568119254,4.0,0.7345674937677837,9.0,0.7009609352350993,3,732.93,734.08,731.64,9.084087157029685,9.084087157029685,6.596011333914383,26.73172598545825,33.260822921833174,0.8015573770491901,0.8015573770491901,732.9,731.86,-9.484787126644898,23.661531322835273,True,4,10.240585488408005,10.240585488408005,1.0,1.0,1,-7.77700462527009,-7.77700462527009,,,recorded_review_entry.preceding_bars,3,10.5878674965032,10.5878674965032,0.6512040823876833,0.3487959176123166,3.8971714387116108,10.042149963285059,1,True,PASS,
181,150,151,QQQ,long,2026-08-17T14:15:00+00:00,733.105,2026-08-17T14:18:00+00:00,732.5600000000001,vwap_confirmed_reverse,-7.736062334196234,-0.07434132900472275,-0.0008260147667191418,vwap_trend_confirmed_htf,long,True,731.03,712.9026641455663,732.8549691447878,3,3.0,long,vwap-entry-research-v1,reconstructed_current_market_cache,recorded_review_entry,2026-08-17T14:15:00+00:00,45,2026-08-17T14:14:00+00:00,733.105,732.8549691447878,45.0,2.0,0.2638036809816533,0.2638036809816533,3.0,0.32075471698117863,0.32075471698117863,4.0,0.07274969173858921,-0.07274969173858921,5.0,0.1442617666022017,0.1442617666022017,0.8,0.005909457807540264,0.005909457807540264,4.8563302664695,0.610098517564317,0.389901482435683,0.4,-1.0963622902615544,-1.0963622902615544,5.340435544703918,0.5828607926975183,0.41713920730248166,0.45,-1.183604670429439,-1.183604670429439,5.97833871000765,0.4890420740476508,0.5109579259523491,3.0,0.5999799472511308,9.0,0.6557790973802906,3,732.93,734.08,731.58,2.3876768586372776,2.3876768586372776,13.28193112467337,20.845293747778467,34.10152706638203,0.6099999999999909,0.6099999999999909,733.0,732.54,-1.4322641367882936,7.706945117003084,True,9,8.94258993787922,8.94258993787922,0.5144508670521432,0.5144508670521432,3,-3.197700382974178,-3.197700382974178,0.6563876651983129,0.6563876651983129,recorded_review_entry.preceding_bars,3,6.893256893256705,6.893256893256705,0.47569358178067667,0.5243064182193233,0.929259580728161,3.411737188655574,2,True,PASS,
181,151,152,QQQ,long,2026-08-17T14:58:00+00:00,733.3,2026-08-17T15:41:00+00:00,733.08,vwap_confirmed_reverse,-3.1196628066360277,-0.030001363698338147,-0.00033334823298907093,vwap_trend_confirmed_htf,long,True,731.03,712.9026641455663,732.7037244356449,12,43.0,long,vwap-entry-research-v1,reconstructed_current_market_cache,recorded_review_entry,2026-08-17T14:58:00+00:00,88,2026-08-17T14:57:00+00:00,733.295,732.703724435645,88.0,0.0,1.0,1.0,0.0,0.22743682310467062,0.22743682310467062,1.0,0.3273427471117251,0.3273427471117251,1.0,0.4099556489262463,0.4099556489262463,1.0,0.09958751272298727,0.09958751272298727,3.4229061973690857,0.481460761460775,0.518539238539225,1.0,0.2705775981093339,0.2705775981093339,3.280671489645773,0.5474343878731253,0.45256561212687474,0.6,0.3035291125597084,0.3035291125597084,3.454066917134145,0.4472073522126804,0.5527926477873195,3.0,0.6042410799077337,9.0,0.6942779764374162,12,732.93,734.08,731.51,4.980011733726197,4.980011733726197,10.69365736704558,24.40158029281853,35.04728656270737,0.6945525291828535,0.6945525291828535,733.25,732.6,-0.6136684417588975,9.477768156061837,True,17,-2.3195208142878787,-2.3195208142878787,0.34426229508204054,0.34426229508204054,5,1.8089972011736677,1.8089972011736677,0.6470588235295442,-0.6470588235295442,recorded_review_entry.preceding_bars,3,7.506021876642066,7.506021876642066,0.7283605283606134,0.2716394716393867,3.0950553447988076,8.069776973092488,2,True,PASS,
181,152,153,QQQ,long,2026-08-18T13:40:00+00:00,721.32,2026-08-18T13:46:00+00:00,720.3635,vwap_confirmed_reverse,-13.784573896354479,-0.13260411467864547,-0.001473376782416223,vwap_trend_confirmed_htf,long,True,729.85,713.86437828022,720.4167249135282,3,6.0,long,vwap-entry-research-v1,reconstructed_current_market_cache,recorded_review_entry,2026-08-18T13:40:00+00:00,10,2026-08-18T13:39:00+00:00,721.31,720.4167249135282,10.0,2.0,0.4111922141118901,0.4111922141118901,4.0,0.0818357393040665,0.0818357393040665,,,,,,,0.8,0.9358686580740461,0.9358686580740461,14.27624738323374,0.47365964604027566,0.5263403539597244,0.6,0.4635251629214743,0.4635251629214743,15.844505136488129,0.5689556733341676,0.4310443266658324,,,,,,,4.0,0.609028820583299,,,3,720.22,721.77,718.79,15.134264530280994,15.134264530280994,6.373221386314704,35.05891846018979,41.313720868974755,0.8456375838926062,0.8456375838926062,721.22,719.8162,-1.2477298249007798,20.70954236042707,True,2,17.359664472405,17.359664472405,,,0,,,,,recorded_review_entry.preceding_bars,3,20.003611763235174,20.003611763235174,0.5056332693028386,0.49436673069716147,4.199351599211617,12.39942182878838,2,True,PASS,
181,153,154,QQQ,long,2026-08-18T14:38:00+00:00,719.71,2026-08-18T14:42:00+00:00,719.08,vwap_confirmed_reverse,-9.087471952342081,-0.0875352572563943,-0.0009726199757616855,vwap_trend_confirmed_htf,long,True,729.85,713.86437828022,719.5454095608076,3,4.0,long,vwap-entry-research-v1,reconstructed_current_market_cache,recorded_review_entry,2026-08-18T14:38:00+00:00,68,2026-08-18T14:37:00+00:00,719.75,719.5454095608075,68.0,2.0,0.13761467889905768,0.13761467889905768,2.0,0.04200168006723515,-0.04200168006723515,3.0,0.1770208325569401,0.1770208325569401,3.0,0.0939508466252452,0.0939508466252452,0.8,0.044375666041762685,0.044375666041762685,6.376936436262548,0.5923815530640492,0.40761844693595073,0.9,0.27247555663967304,0.27247555663967304,6.703577631122173,0.3681178075123813,0.6318821924876186,0.55,-0.7065267460693025,-0.7065267460693025,8.478568947551437,0.4920427718623063,0.5079572281376936,7.0,0.8877319279218747,13.0,0.8443808504186876,3,720.22,722.13,717.24,-6.525783788287054,-6.525783788287054,32.958054643900624,34.99525960626834,67.94025703369206,0.5132924335378319,0.5132924335378319,720.2,719.16,6.252170892671698,8.197290725946951,False,13,-5.558411961702481,-5.558411961702481,0.1798937474458453,0.1798937474458453,4,28.727688213245894,28.727688213245894,0.1725196917564831,0.1725196917564831,recorded_review_entry.preceding_bars,3,7.3690942965987105,7.3690942965987105,0.506390907528361,0.493609092471639,2.894908980909486,2.8433290863104825,1,True,PASS,
181,154,155,QQQ,long,2026-08-19T13:34:00+00:00,720.4,2026-08-19T13:36:00+00:00,719.82,vwap_confirmed_reverse,-8.350914422022676,-0.08051082731814646,-0.0008945647479794052,vwap_trend_confirmed_htf,long,True,717.62,714.3116974773453,720.353391263936,3,2.0,long,vwap-entry-research-v1,reconstructed_current_market_cache,recorded_review_entry,2026-08-19T13:34:00+00:00,4,2026-08-19T13:33:00+00:00,720.4,720.3533912639359,4.0,,,,,,,,,,,,,,,,,,,,,,,,,,,,,,,,,,,3,720.39,721.4999,719.26,0.1388136981361754,0.1388136981361754,15.244631357537925,15.849623223868788,31.092448639645117,0.5089512924683999,0.5089512924683999,,,,,,0,,,,,0,,,,,recorded_review_entry.preceding_bars,3,7.50145861695195,7.50145861695195,0.7037214626879976,0.2962785373120024,2.325146776380677,0.6470259823762144,1,True,PASS,
181,155,156,QQQ,long,2026-08-19T14:38:00+00:00,716.56,2026-08-19T17:20:00+00:00,716.22,vwap_confirmed_reverse,-4.917635153752527,-0.04744892263033356,-0.0005272110689513278,vwap_trend_confirmed_htf,long,True,717.62,714.3116974773453,715.7981284351963,3,162.0,long,vwap-entry-research-v1,reconstructed_current_market_cache,recorded_review_entry,2026-08-19T14:38:00+00:00,68,2026-08-19T14:37:00+00:00,716.57,715.7981284351962,68.0,1.0,0.5488215488215386,0.5488215488215386,3.0,0.6845545235637787,0.6845545235637787,3.0,0.29069006154248755,0.29069006154248755,3.0,0.18943414713807585,0.18943414713807585,0.6,0.040150735969302076,0.040150735969302076,8.652329849141871,0.3967486928104734,0.6032513071895266,0.4,-0.3100703746372613,-0.3100703746372613,8.819794297835116,0.480276061101228,0.519723938898772,0.2,-3.8666123682062903,-3.8666123682062903,10.274711472709951,0.4793823501251973,0.5206176498748027,4.0,0.6594600339175098,10.0,0.715846183488997,3,720.39,721.4999,712.61,-53.02683268784914,-53.02683268784914,68.32849179882042,55.57036808352445,124.0618502030508,0.44544933013870025,0.44544933013870025,715.99,715.07,-8.09411502016608,20.933056086634938,True,13,3.915317280531738,3.915317280531738,1.0,1.0,4,33.95299894773718,33.95299894773718,0.06358381502891035,-0.06358381502891035,recorded_review_entry.preceding_bars,3,15.525693149238684,15.525693149238684,0.4679607843137539,0.5320392156862462,3.4635878221927214,10.783369418571203,2,True,PASS,
181,156,157,QQQ,long,2026-08-20T13:34:00+00:00,713.56,2026-08-20T13:47:00+00:00,713.15,vwap_confirmed_reverse,-5.9521955630372645,-0.05745837771175068,-0.0006384294013867436,vwap_trend_confirmed_htf,long,True,716.13,715.0753570985206,712.7899844983365,3,13.0,long,vwap-entry-research-v1,reconstructed_current_market_cache,recorded_review_entry,2026-08-20T13:34:00+00:00,4,2026-08-20T13:33:00+00:00,713.59,712.7899844983365,4.0,,,,,,,,,,,,,,,,,,,,,,,,,,,,,,,,,,,3,712.09,714.06,711.7632,21.06475305087896,21.06475305087896,6.582079937258965,25.66583942524773,32.18654969940669,0.7953674677812951,0.7953674677812951,714.06,,6.586415168372786,,False,0,,,,,0,,,,,recorded_review_entry.preceding_bars,3,21.76843997528266,21.76843997528266,0.39648211087473034,0.6035178891252696,19.307171211495593,11.223719735997761,0,True,PASS,
181,157,158,QQQ,long,2026-08-20T14:25:00+00:00,713.19,2026-08-20T14:28:00+00:00,712.09,vwap_confirmed_reverse,-15.96840951410166,-0.15423659894278138,-0.0017137373183438796,vwap_trend_confirmed_htf,long,True,716.13,715.0753570985206,712.7609553190844,3,3.0,long,vwap-entry-research-v1,reconstructed_current_market_cache,recorded_review_entry,2026-08-20T14:25:00+00:00,55,2026-08-20T14:24:00+00:00,713.18,712.7609553190844,55.0,1.0,0.5726495726495577,0.5726495726495577,1.0,0.37537116925315794,0.37537116925315794,5.0,0.16896502902449367,0.16896502902449367,6.0,0.0064368703936180886,-0.0064368703936180886,0.6,0.19037009795663806,0.19037009795663806,14.243528982865906,0.41446948742744,0.5855305125725602,0.3,-1.6796780354155771,-1.6796780354155771,11.580666872318654,0.4851264284261994,0.5148735715738006,0.35,-2.3893044216183323,-2.3893044216183323,11.489035026220701,0.4456228174363023,0.5543771825636977,4.0,0.7487866062759995,9.0,0.714028550474627,3,712.09,714.94,711.049,15.307053883637511,15.307053883637511,24.617450415420937,29.96980517517037,54.5584564906486,0.547674119763539,0.547674119763539,713.03,712.1,-2.1032558400400636,15.143442048289735,True,11,27.558280138353375,27.558280138353375,0.20988949935179993,0.20988949935179993,3,4.781232294170934,4.781232294170934,0.742738589211648,-0.742738589211648,recorded_review_entry.preceding_bars,3,7.858325615335282,7.858325615335282,0.42555639302386367,0.5744436069761364,3.3686527099643873,5.879175588791825,1,True,PASS,
181,158,159,QQQ,long,2026-08-20T14:39:00+00:00,712.91,2026-08-20T14:51:00+00:00,712.79,vwap_confirmed_reverse,-1.7400046259920885,-0.016832419239455828,-0.00018702862940745365,vwap_trend_confirmed_htf,long,True,716.13,715.0753570985206,712.7148067515922,3,12.0,long,vwap-entry-research-v1,reconstructed_current_market_cache,recorded_review_entry,2026-08-20T14:39:00+00:00,69,2026-08-20T14:38:00+00:00,712.97,712.714806751592,69.0,1.0,0.9242424242423303,0.9242424242423303,1.0,0.30136986301367785,0.30136986301367785,3.0,0.26554272447229543,0.26554272447229543,6.0,0.010235833606291257,-0.010235833606291257,0.6,-0.08074472526709009,-0.08074472526709009,11.010280937487043,0.523145098049816,0.47685490195018404,0.3,-0.3515543482990324,-0.3515543482990324,9.709945720016309,0.385797138845019,0.614202861154981,0.35,-0.6966575902545014,-0.6966575902545014,10.731166809262756,0.4155288084974963,0.5844711915025038,4.0,0.7398142129450925,7.0,0.7423001965070565,3,712.09,714.94,711.049,12.357988456515034,12.357988456515034,27.554759839986954,27.01642221562859,54.57452627740405,0.4937034181444388,0.4937034181444388,713.23,711.59,3.6467172531802303,19.355653113034144,False,13,-4.35356571075407,-4.35356571075407,1.0,-1.0,4,-5.894654110116804,-5.894654110116804,0.13888888888893713,-0.13888888888893713,recorded_review_entry.preceding_bars,3,10.952133559865018,10.952133559865018,0.4004198577969169,0.5995801422030831,1.929346325506201,3.5805801421622707,1,True,PASS,
181,159,160,QQQ,short,2026-08-21T13:33:00+00:00,712.975,2026-08-21T14:57:00+00:00,711.76,vwap_confirmed_reverse,17.612975505142497,0.17041270731793287,0.0018934375232005035,vwap_trend_confirmed_htf,short,True,711.0,714.8039348895643,714.06989162842,3,84.0,short,vwap-entry-research-v1,reconstructed_current_market_cache,recorded_review_entry,2026-08-21T13:33:00+00:00,3,2026-08-21T13:32:00+00:00,712.9816,714.06989162842,3.0,,,,,,,,,,,,,,,,,,,,,,,,,,,,,,,,,,,3,715.22,715.4,712.672,-31.29666396353703,31.29666396353703,33.80486441151831,4.34421444928287,38.26185696797718,0.11348973607035837,0.8865102639296416,,,,,,0,,,,,0,,,,,recorded_review_entry.preceding_bars,3,-31.29666396353703,31.29666396353703,0.6735097629252019,0.32649023707479796,4.8053371900413095,15.24068779791608,2,True,PASS,
181,160,161,QQQ,short,2026-08-24T13:33:00+00:00,706.65,2026-08-24T14:32:00+00:00,704.9,vwap_confirmed_reverse,25.639166551541003,0.24764735017335318,0.0027515139222673733,vwap_trend_confirmed_htf,short,True,713.41,713.9873256026278,707.6537273956583,3,59.0,short,vwap-entry-research-v1,reconstructed_current_market_cache,recorded_review_entry,2026-08-24T13:33:00+00:00,3,2026-08-24T13:32:00+00:00,706.665,707.6537273956583,3.0,,,,,,,,,,,,,,,,,,,,,,,,,,,,,,,,,,,3,709.66,709.79,706.5,-42.203308626665994,42.203308626665994,44.02710660899703,2.3354564755833493,46.55671357715415,0.05015197568388007,0.9498480243161199,,,,,,0,,,,,0,,,,,recorded_review_entry.preceding_bars,3,-42.203308626665994,42.203308626665994,0.7205822422633847,0.2794177577366153,12.287962034433003,13.971909669678114,1,True,PASS,
181,161,162,QQQ,short,2026-08-25T13:57:00+00:00,711.505,2026-08-25T15:37:00+00:00,710.85,vwap_confirmed_reverse,9.554495296788502,0.09205838328612907,0.0010228861004614273,vwap_trend_confirmed_htf,short,True,706.28,713.6446356411739,712.465831903211,3,100.0,short,vwap-entry-research-v1,reconstructed_current_market_cache,recorded_review_entry,2026-08-25T13:57:00+00:00,27,2026-08-25T13:56:00+00:00,711.5,712.465831903211,27.0,1.0,1.0,1.0,1.0,0.4970930232558495,0.4970930232558495,3.0,0.16322152609073046,0.16322152609073046,,,,0.6,-0.7326504187488148,0.7326504187488148,9.273366127897786,0.5217398218972338,0.47826017810276633,0.3,3.359970201963769,-3.359970201963769,9.148278285312262,0.5353842306550264,0.4646157693449736,0.25,5.556134783399891,-5.556134783399891,9.93359100491893,0.5072048351177699,0.49279516488223,4.0,0.6361790335867087,11.0,0.6026463622779513,3,711.22,714.04,710.76,3.9368971626219107,-3.9368971626219107,35.572236849475715,10.411390624120788,46.09978917779301,0.22560975609756562,0.7743902439024344,713.43,712.32,27.125790583274068,-11.524947294449051,True,5,-16.397348394601163,16.397348394601163,0.0639269406392649,0.0639269406392649,1,17.99724417198556,-17.99724417198556,,,recorded_review_entry.preceding_bars,3,-18.23793490460135,18.23793490460135,0.6592220607022102,0.3407779392977897,2.3313400237916135,13.556185573572769,2,True,PASS,
181,162,163,QQQ,short,2026-08-26T14:13:00+00:00,710.152,2026-08-26T14:52:00+00:00,710.35,vwap_confirmed_reverse,-2.8963957643450677,-0.027881354977522994,-0.00030976704892125834,vwap_trend_confirmed_htf,short,True,710.63,713.2606854741832,710.7179046439722,3,39.0,short,vwap-entry-research-v1,reconstructed_current_market_cache,recorded_review_entry,2026-08-26T14:13:00+00:00,43,2026-08-26T14:12:00+00:00,710.18,710.7179046439722,43.0,1.0,1.0,1.0,1.0,0.7463414634146515,0.7463414634146515,1.0,0.28884821923087695,0.28884821923087695,1.0,0.12934064389147554,0.12934064389147554,0.6,-0.30332270249289195,0.30332270249289195,5.74136134501098,0.4884663133408339,0.511533686659166,0.3,0.39105102505265776,-0.39105102505265776,5.66391619026139,0.5718006708556407,0.4281993291443594,0.15,4.177863467047516,-4.177863467047516,6.058041623250367,0.5202516886463753,0.47974831135362467,3.0,0.657210053639216,7.0,0.7342007055237153,3,708.41,712.2,708.37,24.985530977823522,-24.985530977823522,28.36281943274495,25.551618504453117,53.92998958010703,0.47258485639684755,0.5274151436031524,711.65,711.38,20.69897772395769,-16.89712467261885,True,8,-9.134730244390044,9.134730244390044,1.0,1.0,2,14.061533269587034,-14.061533269587034,,,recorded_review_entry.preceding_bars,3,-11.53305203938193,11.53305203938193,0.611052404082214,0.3889475959177861,1.877224638727755,7.568469015027214,2,True,PASS,
181,163,164,QQQ,short,2026-08-26T15:18:00+00:00,709.85,2026-08-26T15:29:00+00:00,710.59,vwap_confirmed_reverse,-10.826499418893164,-0.10424737620624203,-0.001158304180069356,vwap_trend_confirmed_htf,short,True,710.63,713.2606854741832,710.2133920321719,3,11.0,short,vwap-entry-research-v1,reconstructed_current_market_cache,recorded_review_entry,2026-08-26T15:18:00+00:00,108,2026-08-26T15:17:00+00:00,709.85,710.2133920321719,108.0,1.0,0.6164383561641787,0.6164383561641787,1.0,0.7499999999998815,0.7499999999998815,2.0,0.10530471070338597,0.10530471070338597,6.0,0.009444208339226807,0.009444208339226807,0.6,-0.03279421240898195,0.03279421240898195,4.395294780587615,0.6305037074738842,0.36949629252611577,0.3,0.12385697369721171,-0.12385697369721171,3.869690779742174,0.43817312807935693,0.5618268719206431,0.2,0.49243221717176766,-0.49243221717176766,3.784672818201044,0.4838938694972613,0.5161061305027387,3.0,0.6911099296900907,9.0,0.669766572067366,3,708.41,712.2,707.97,20.32721164297646,-20.32721164297646,32.99634934007333,26.554797519668845,59.59005423681085,0.4444444444444415,0.5555555555555585,710.85,710.44,14.087483271113614,-8.311615129957481,True,21,-3.924195627834637,3.924195627834637,0.14893617021262184,0.14893617021262184,7,1.6893794346217739,-1.6893794346217739,1.0,-1.0,recorded_review_entry.preceding_bars,3,-8.164069647959016,8.164069647959016,0.5426085183045479,0.45739148169545213,1.3449553209609943,5.116659813075055,2,True,PASS,
181,164,165,QQQ,short,2026-08-27T13:34:00+00:00,716.32,2026-08-27T13:42:00+00:00,716.45,vwap_confirmed_reverse,-1.8828088125740001,-0.01814831360285842,-0.00020165387198701272,vwap_trend_confirmed_htf,short,True,711.29,712.4929423305701,716.9842120853972,3,8.0,short,vwap-entry-research-v1,reconstructed_current_market_cache,recorded_review_entry,2026-08-27T13:34:00+00:00,4,2026-08-27T13:33:00+00:00,716.31,716.9842120853973,4.0,,,,,,,,,,,,,,,,,,,,,,,,,,,,,,,,,,,3,716.94,718.47,715.74,-8.787346221442727,8.787346221442727,30.063885757235262,7.963785732248251,38.11199061858718,0.20879120879118407,0.7912087912088159,718.47,715.74,30.1545420278941,7.957448590693086,False,0,,,,,0,,,,,recorded_review_entry.preceding_bars,3,-25.06579771901385,25.06579771901385,0.4383557625162317,0.5616442374837683,19.10351423373074,9.403443953617414,0,True,PASS,
181,165,166,QQQ,short,2026-08-27T13:50:00+00:00,715.87,2026-08-27T13:52:00+00:00,717.455,vwap_confirmed_reverse,-22.96604580023404,-0.22140891502647636,-0.002460679582258945,vwap_trend_confirmed_htf,short,True,711.29,712.4929423305701,716.7125104436195,3,2.0,short,vwap-entry-research-v1,reconstructed_current_market_cache,recorded_review_entry,2026-08-27T13:50:00+00:00,20,2026-08-27T13:49:00+00:00,715.79,716.7125104436195,20.0,1.0,0.9825698645923718,0.9825698645923718,1.0,0.15772870662462316,0.15772870662462316,3.0,0.2249344756092863,0.2249344756092863,,,,0.6,0.18547899486076602,-0.18547899486076602,15.535562106204432,0.4953111525833697,0.5046888474166302,0.3,4.230096266037986,-4.230096266037986,14.096452870255094,0.4865111353482944,0.5134888646517056,0.6,-12.761799488322234,12.761799488322234,14.743570041492587,0.460471192264189,0.539528807735811,5.0,0.6289208088825584,11.0,0.6703354494439049,3,716.94,718.83,715.0,-16.040393896282758,16.040393896282758,42.29094500786107,11.04895104895054,53.50731359756411,0.2062663185378473,0.7937336814621527,718.83,715.9199,42.47055700694445,-1.814778077369348,True,4,-32.862215414607434,32.862215414607434,0.0633484162896129,0.0633484162896129,1,16.737802326554085,-16.737802326554085,,,recorded_review_entry.preceding_bars,3,-26.751752100431236,26.751752100431236,0.4202753562940269,0.5797246437059731,7.100249492975544,12.871415388696882,1,True,PASS,
181,166,167,QQQ,short,2026-08-27T13:59:00+00:00,715.42,2026-08-27T14:03:00+00:00,716.73,vwap_confirmed_reverse,-18.951287004682786,-0.1831092225545916,-0.0020345469172732404,vwap_trend_confirmed_htf,short,True,711.29,712.4929423305701,716.645874998387,3,4.0,short,vwap-entry-research-v1,reconstructed_current_market_cache,recorded_review_entry,2026-08-27T13:59:00+00:00,29,2026-08-27T13:58:00+00:00,715.42,716.645874998387,29.0,1.0,0.5975232198142578,0.5975232198142578,2.0,0.06618962432915965,0.06618962432915965,4.0,0.0589024213426208,0.0589024213426208,,,,0.6,-1.8029634043004172,1.8029634043004172,13.209024069777257,0.7486814192533972,0.25131858074660285,0.4,-0.9297374367212008,0.9297374367212008,12.845601185317475,0.5900219789112047,0.40997802108879533,0.35,3.36721713213306,-3.36721713213306,13.303444130720298,0.5592180598619917,0.4407819401380083,3.0,0.5982892465546348,8.0,0.5827135350316596,3,716.94,718.83,714.525,-21.20121628030325,21.20121628030325,47.43819818315988,12.525803855708084,60.17444298454144,0.20789779326363964,0.7921022067363603,717.96,714.525,35.50362025104243,12.510133907354868,False,5,20.674144746950507,-20.674144746950507,0.20204603580561306,0.20204603580561306,1,16.737802326554085,-16.737802326554085,,,recorded_review_entry.preceding_bars,3,-20.08760427419709,20.08760427419709,0.898569142504913,0.10143085749508686,17.38149428336556,17.10572880070989,1,True,PASS,
181,167,168,QQQ,long,2026-08-28T13:37:00+00:00,719.72,2026-08-28T13:56:00+00:00,719.9,vwap_confirmed_reverse,2.5836962904188536,0.025009726004550377,0.00027788858156119407,vwap_trend_confirmed_htf,long,True,721.06,712.7764698388637,719.0875107814593,3,19.0,long,vwap-entry-research-v1,reconstructed_current_market_cache,recorded_review_entry,2026-08-28T13:37:00+00:00,7,2026-08-28T13:36:00+00:00,719.7838,719.0875107814592,7.0,1.0,0.8542721276269102,0.8542721276269102,,,,,,,,,,0.6,-0.3933573793513112,-0.3933573793513112,9.51313436062375,0.4629372198602277,0.5370627801397723,,,,,,,,,,,,,,,,,3,719.76,719.99,718.1762,0.33066577748153136,0.33066577748153136,2.863928665675455,22.38447890643059,25.19923343648488,0.8863160216121042,0.8863160216121042,,718.1762,,22.334484327099993,,1,-7.780371234855643,-7.780371234855643,,,0,,,,,recorded_review_entry.preceding_bars,3,16.264620137347308,16.264620137347308,0.6227627624341964,0.3772372375658036,2.1701754158140707,9.68295524677081,1,True,PASS,
181,168,169,QQQ,long,2026-08-28T13:59:00+00:00,720.49,2026-08-28T14:05:00+00:00,719.805,vwap_confirmed_reverse,-9.824348146085372,-0.09507418562368099,-0.0010563700657109357,vwap_trend_confirmed_htf,long,True,721.06,712.7764698388637,720.0355729260045,3,6.0,long,vwap-entry-research-v1,reconstructed_current_market_cache,recorded_review_entry,2026-08-28T13:59:00+00:00,29,2026-08-28T13:58:00+00:00,720.43,720.0355729260044,29.0,1.0,0.9285714285711095,0.9285714285711095,4.0,0.043956043956059745,-0.043956043956059745,4.0,0.02186444046907098,0.02186444046907098,,,,0.6,0.6010179344473343,0.6010179344473343,5.674666518606826,0.4030701121003261,0.5969298878996738,0.7,0.9863133339260699,0.9863133339260699,7.500936940438223,0.47253263950982066,0.5274673604901794,0.85,10.563208003198099,10.563208003198099,7.5288369446024985,0.42537840747635514,0.5746215925236448,5.0,0.8220804205685893,8.0,0.8046297064015392,3,719.76,721.5499,718.1762,9.308658441702367,9.308658441702367,15.5207560835367,31.382270813206503,46.82897713865311,0.6680499155230061,0.6680499155230061,720.5,719.835,0.9716419360666549,8.258956456559467,False,5,-8.814160279490002,-8.814160279490002,1.0,-1.0,1,19.8163276647767,19.8163276647767,,,recorded_review_entry.preceding_bars,3,7.362133629671419,7.362133629671419,0.3833061539119709,0.6166938460880291,4.440994821371084,5.477883160587455,1,True,PASS,
181,169,170,QQQ,long,2026-08-28T14:23:00+00:00,720.79,2026-08-28T15:48:00+00:00,720.29,vwap_confirmed_reverse,-7.161257388909524,-0.06936833196908948,-0.0007707568678290708,vwap_trend_confirmed_htf,long,True,721.06,712.7764698388637,719.4897054508613,3,85.0,long,vwap-entry-research-v1,reconstructed_current_market_cache,recorded_review_entry,2026-08-28T14:23:00+00:00,53,2026-08-28T14:22:00+00:00,720.77,719.4897054508615,53.0,1.0,1.0,1.0,1.0,1.0,1.0,1.0,0.17270737046946522,0.17270737046946522,6.0,0.04426737494465933,0.04426737494465933,0.6,0.6067557967748272,0.6067557967748272,10.32173925107829,0.4315581455923126,0.5684418544076875,0.3,-2.189563800063521,-2.189563800063521,10.870041760894404,0.5298300273061097,0.47016997269389027,0.15,-8.117367092069783,-8.117367092069783,11.35924081190944,0.5283081096921833,0.47169189030781666,1.0,0.5728724083729214,5.0,0.6285643810454571,3,719.76,721.63,716.78,14.032455262864563,14.032455262864563,11.917464628688021,55.66561567008021,67.2891491044303,0.822680412371132,0.822680412371132,719.475,716.78,-17.966896513450326,55.357464933335315,True,10,22.530209252089595,22.530209252089595,0.19177134534862167,0.19177134534862167,3,-33.05876960259968,-33.05876960259968,1.0,-1.0,recorded_review_entry.preceding_bars,3,21.6904659278927,21.6904659278927,0.6283986961861069,0.37160130381389306,0.6107982549055295,17.79448044133174,2,True,PASS,
181,170,171,QQQ,long,2026-08-31T13:50:00+00:00,715.17,2026-08-31T14:02:00+00:00,714.75,vwap_confirmed_reverse,-6.058521681714832,-0.05872729560803153,-0.0006525270274363675,vwap_trend_confirmed_htf,long,True,716.44,713.1601412719663,715.1799764652799,3,12.0,long,vwap-entry-research-v1,reconstructed_current_market_cache,recorded_review_entry,2026-08-31T13:50:00+00:00,20,2026-08-31T13:49:00+00:00,715.185,715.1799764652799,20.0,1.0,0.21779859484773775,0.21779859484773775,1.0,0.24842370744006653,0.24842370744006653,2.0,0.10664099874350798,-0.10664099874350798,,,,0.6,0.38711944463365455,0.38711944463365455,12.947419199227912,0.4352952864346863,0.5647047135653137,0.3,-1.5572006393005378,-1.5572006393005378,11.870914518620946,0.4183412419739064,0.5816587580260937,0.25,-6.103223243802969,-6.103223243802969,12.769982591916866,0.4805557434994986,0.5194442565005013,6.0,0.8862929482053757,13.0,0.8194862661119332,3,715.17,717.001,713.97,0.2097403414569321,0.2097403414569321,25.327719208202375,17.01752174460997,42.38064277075092,0.4008578027053575,0.4008578027053575,716.0,713.97,11.395652873033615,16.988611338323906,False,4,10.56786529121112,10.56786529121112,1.0,1.0,1,-10.417103625711688,-10.417103625711688,,,recorded_review_entry.preceding_bars,3,8.186397984886185,8.186397984886185,0.49461515369274117,0.5053848463072589,10.349806619658443,0.07024154597973102,0,True,PASS,
181,171,172,QQQ,long,2026-09-01T13:48:00+00:00,707.7,2026-09-01T16:28:00+00:00,708.785,vwap_confirmed_reverse,15.807095701118586,0.15331355093965277,0.0017034864401300623,vwap_trend_confirmed_htf,long,True,716.82,714.1513328964787,706.8316484912532,3,160.0,long,vwap-entry-research-v1,reconstructed_current_market_cache,recorded_review_entry,2026-09-01T13:48:00+00:00,18,2026-09-01T13:47:00+00:00,707.7095,706.8316484912532,18.0,1.0,0.8792583009919027,0.8792583009919027,1.0,0.5132154401978123,0.5132154401978123,,,,,,,0.6,0.8241943519515793,0.8241943519515793,10.08718972968453,0.39123270858822023,0.6087672914117798,0.3,-2.8356708916821294,-2.8356708916821294,10.510668572345134,0.4234347921398592,0.5765652078601408,,,,,,,5.0,0.6871710156790802,,,3,707.37,708.1,705.62,4.799468453569045,4.799468453569045,5.514757802569898,29.612255888439154,35.04262695357372,0.8425403225806566,0.8425403225806566,708.04,705.62,4.66999524522301,29.524826217537612,False,3,4.17613374953163,4.17613374953163,0.3749999999998816,-0.3749999999998816,1,-9.613073780340153,-9.613073780340153,,,recorded_review_entry.preceding_bars,3,15.418471031105607,15.418471031105607,0.4313502034454024,0.5686497965545975,8.686698035573986,12.419527487495076,1,True,PASS,
181,172,173,QQQ,short,2026-09-02T13:38:00+00:00,705.78,2026-09-02T13:41:00+00:00,707.1,vwap_confirmed_reverse,-19.31263116155502,-0.18702711893225227,-0.0020778304931070336,vwap_trend_confirmed_htf,short,True,707.67,713.3493183379626,706.3075420509782,3,3.0,short,vwap-entry-research-v1,reconstructed_current_market_cache,recorded_review_entry,2026-09-02T13:38:00+00:00,8,2026-09-02T13:37:00+00:00,705.82,706.3075420509782,8.0,1.0,0.5887850467290653,0.5887850467290653,,,,,,,,,,0.6,-0.753702150975144,0.753702150975144,8.18905670000814,0.4593515241394546,0.5406484758605454,,,,,,,,,,,,,,,,,3,707.1,707.14,705.58,-18.10210719841554,18.10210719841554,18.666742087845922,3.40145695739688,22.101952339122516,0.15384615384616507,0.8461538461538349,706.87,,14.876314074409262,,,1,-6.081176636968388,6.081176636968388,,,0,,,,,recorded_review_entry.preceding_bars,3,-12.876204491106824,12.876204491106824,0.5011719112596087,0.49882808874039125,1.5491992070834721,6.902687879594732,2,True,PASS,
181,173,174,QQQ,short,2026-09-02T13:52:00+00:00,705.59,2026-09-02T14:06:00+00:00,706.835,vwap_confirmed_reverse,-18.186150795299813,-0.17644807891268363,-0.0019604755531060624,vwap_trend_confirmed_htf,short,True,707.67,713.3493183379626,706.4821783398703,4,14.0,short,vwap-entry-research-v1,reconstructed_current_market_cache,recorded_review_entry,2026-09-02T13:52:00+00:00,22,2026-09-02T13:51:00+00:00,705.6,706.4821783398704,22.0,1.0,0.5,0.5,3.0,0.4761904761904676,0.4761904761904676,5.0,0.1551854655564008,0.1551854655564008,,,,0.8,-0.9079070196371664,0.9079070196371664,8.404195011337636,0.7869256657088332,0.2130743342911669,0.5,-0.2857900432651217,0.2857900432651217,9.119897959183758,0.6267085582807944,0.3732914417192056,0.45,1.9946441264617754,-1.9946441264617754,9.006235827664334,0.5780554232819903,0.42194457671800956,7.0,0.7452255404981337,11.0,0.7221921159887085,4,707.1,707.54,705.55,-21.21340687314399,21.21340687314399,27.41894451197022,0.708666997378899,28.202947845805117,0.02512562814073768,0.9748743718592623,706.44,705.72,11.904761904762355,-1.7006802721089078,True,4,-14.429402028603988,14.429402028603988,0.8348623853210473,0.8348623853210473,1,-3.252722387215856,3.252722387215856,,,recorded_review_entry.preceding_bars,3,-9.345000424771932,9.345000424771932,0.8417033715592882,0.1582966284407117,9.12942418572079,12.486915691820885,1,True,PASS,
181,174,175,QQQ,short,2026-09-03T13:37:00+00:00,710.14,2026-09-03T13:39:00+00:00,711.64,vwap_confirmed_reverse,-21.732223142009673,-0.21122595544540512,-0.002347513357351004,vwap_trend_confirmed_htf,short,True,709.25,712.3018712720872,710.9013171561367,3,2.0,short,vwap-entry-research-v1,reconstructed_current_market_cache,recorded_review_entry,2026-09-03T13:37:00+00:00,7,2026-09-03T13:36:00+00:00,710.06,710.9013171561367,7.0,2.0,0.3554817275747794,0.3554817275747794,,,,,,,,,,0.8,-1.4362772559461945,1.4362772559461945,11.491986592682105,0.33736272795970856,0.6626372720402914,,,,,,,,,,,,,,,,,3,710.85,711.67,709.69,-11.113455722023824,11.113455722023824,22.622844857869712,5.213543941719495,27.88496746753661,0.18686868686864075,0.8131313131313592,711.67,710.18,22.67414021350328,-1.6899980283356977,True,1,1.6881198565088518,-1.6881198565088518,,,0,,,,,recorded_review_entry.preceding_bars,3,-13.642181061277459,13.642181061277459,0.28753141017192885,0.7124685898280712,0.525839618245305,11.834513959015926,2,True,PASS,
181,175,176,QQQ,short,2026-09-03T14:03:00+00:00,711.52,2026-09-03T14:16:00+00:00,712.42,vwap_confirmed_reverse,-12.986554930869136,-0.1264897683831765,-0.0014054206042062108,vwap_trend_confirmed_htf,short,True,709.25,712.3018712720872,712.0022672370851,3,13.0,short,vwap-entry-research-v1,reconstructed_current_market_cache,recorded_review_entry,2026-09-03T14:03:00+00:00,33,2026-09-03T14:02:00+00:00,711.5251,712.0022672370851,33.0,1.0,0.4583057139069489,0.4583057139069489,3.0,0.2973895086530268,0.2973895086530268,3.0,0.15302158964576185,0.15302158964576185,5.0,0.03599996764774134,-0.03599996764774134,0.6,-0.7245057493998619,0.7245057493998619,10.021009799935461,0.7639019451745587,0.2360980548254413,0.4,0.3791737746827728,-0.3791737746827728,8.938546229781494,0.7192224923871624,0.28077750761283765,0.2,7.702319595115359,-7.702319595115359,8.366676031527218,0.5745648333134145,0.42543516668658565,5.0,0.5782922145183156,11.0,0.694186381938182,3,710.85,713.85,709.69,9.49708095941304,-9.49708095941304,32.56846676472747,25.857768885004685,58.4659627608354,0.44112980769228644,0.5588701923077135,712.94,711.98,19.885454497671308,-6.393309245170213,True,6,-5.1819166810607165,5.1819166810607165,1.0,1.0,2,-3.786019771436777,3.786019771436777,,,recorded_review_entry.preceding_bars,3,-18.44593457157373,18.44593457157373,0.7738668299911283,0.22613317000887165,4.791018998969016,6.701765697134584,1,True,PASS,
181,176,177,QQQ,short,2026-09-03T14:39:00+00:00,711.835,2026-09-03T14:50:00+00:00,712.2739,vwap_confirmed_reverse,-6.322300246479083,-0.06165754704390619,-0.0006850838560434021,vwap_trend_confirmed_htf,short,True,709.25,712.3018712720872,712.1182122371949,3,11.0,short,vwap-entry-research-v1,reconstructed_current_market_cache,recorded_review_entry,2026-09-03T14:39:00+00:00,69,2026-09-03T14:38:00+00:00,711.835,712.1182122371949,69.0,2.0,0.10047846889955381,-0.10047846889955381,3.0,0.42419080068145687,0.42419080068145687,3.0,0.24458700882116743,0.24458700882116743,4.0,0.08059992683820132,-0.08059992683820132,0.8,-0.010552399227758968,0.010552399227758968,7.3862622658342,0.5627324011583179,0.43726759884168215,0.4,0.2543627434592466,-0.2543627434592466,7.528289561485543,0.5468103829691036,0.4531896170308965,0.2,2.0991640059775385,-2.0991640059775385,6.960110137883008,0.5242504141841403,0.4757495858158597,4.0,0.6842799150664789,9.0,0.6682738319283373,3,710.85,713.85,709.69,13.856650488852651,-13.856650488852651,28.22721860334785,30.224464202679787,58.44050938770878,0.5156249999999996,0.48437500000000044,712.5,711.6531,9.342052582409737,2.5553674657756567,False,13,-18.652006843742353,18.652006843742353,1.0,1.0,4,14.605921015673484,-14.605921015673484,0.10810810810812471,-0.10810810810812471,recorded_review_entry.preceding_bars,3,-6.949026434377448,6.949026434377448,0.4477327829838642,0.5522672170161358,0.27820576666604757,3.9770396589796704,2,True,PASS,
181,177,178,QQQ,long,2026-09-04T13:34:00+00:00,719.95,2026-09-04T14:13:00+00:00,719.81,vwap_confirmed_reverse,-1.992721999623879,-0.019445794846878257,-0.0002160653875597267,vwap_trend_confirmed_htf,long,True,717.61,712.4215291757462,719.3049404474392,3,39.0,long,vwap-entry-research-v1,reconstructed_current_market_cache,recorded_review_entry,2026-09-04T13:34:00+00:00,4,2026-09-04T13:33:00+00:00,719.98,719.3049404474392,4.0,,,,,,,,,,,,,,,,,,,,,,,,,,,,,,,,,,,3,719.345,720.21,718.525,8.827474994612672,8.827474994612672,3.193513003152111,20.249817334122557,23.403427872997295,0.8635014836795192,0.8635014836795192,720.21,718.525,3.1945331814775155,20.208894691519777,False,0,,,,,0,,,,,recorded_review_entry.preceding_bars,3,16.69495534099452,16.69495534099452,0.48136714068292424,0.5186328593170758,9.84556874746471,9.384886917930716,1,True,PASS,
181,178,179,QQQ,long,2026-09-08T14:51:00+00:00,718.45,2026-09-08T18:50:00+00:00,718.52,vwap_confirmed_reverse,0.998247075333659,0.009743197160545107,0.00010825724395605425,vwap_trend_confirmed_htf,long,True,719.06,712.946493342041,717.9412600425949,7,239.0,long,vwap-entry-research-v1,reconstructed_current_market_cache,recorded_review_entry,2026-09-08T14:51:00+00:00,81,2026-09-08T14:50:00+00:00,718.42,717.9412600425949,81.0,0.0,0.7247706422020072,0.7247706422020072,2.0,0.40178571428573334,0.40178571428573334,5.0,0.28183023872679563,0.28183023872679563,5.0,0.13659861892003639,0.13659861892003639,1.0,0.07644819716823292,0.07644819716823292,4.2732663344563955,0.28632336182319335,0.7136766381768067,0.9,0.12293379580974317,0.12293379580974317,4.725647949667617,0.367039943148238,0.6329600568517619,0.5,-0.10134584052523543,-0.10134584052523543,5.27407366164661,0.4051545071076353,0.5948454928923648,6.0,0.7041421135135741,12.0,0.7238281916852173,7,720.91,721.886,715.57,-34.539679016798445,-34.539679016798445,48.013121185339635,39.82838855737257,87.91514712841956,0.451234958834697,0.451234958834697,718.215,717.78,-2.853484034407829,8.908437961081074,True,16,-1.5316921020391838,-1.5316921020391838,0.6923076923076116,0.6923076923076116,5,5.015394474707779,5.015394474707779,1.0,1.0,recorded_review_entry.preceding_bars,3,6.407042175049504,6.407042175049504,0.36305555555537405,0.636944444444626,0.3360653589659177,6.6682329606837065,2,True,PASS,
181,179,180,QQQ,long,2026-09-09T13:36:00+00:00,717.13,2026-09-09T14:20:00+00:00,717.43,vwap_confirmed_reverse,4.28649411186227,0.041833419324244496,0.0004648157702693832,vwap_trend_confirmed_htf,long,True,718.3806,713.1382408529963,716.362961233935,3,44.0,long,vwap-entry-research-v1,reconstructed_current_market_cache,recorded_review_entry,2026-09-09T13:36:00+00:00,6,2026-09-09T13:35:00+00:00,717.13,716.362961233935,6.0,2.0,0.48799280852705273,0.48799280852705273,,,,,,,,,,0.8,2.041882583947441,2.041882583947441,11.204105252883203,0.42897403958195,0.57102596041805,,,,,,,,,,,,,,,,,3,716.4,717.4074,715.48,10.189838079286417,10.189838079286417,3.866701124076179,23.061441270195914,26.87657746852083,0.8560755421811497,0.8560755421811497,717.4074,715.81,3.8681968401831877,18.406704502671065,False,1,7.744276940255812,7.744276940255812,,,0,,,,,recorded_review_entry.preceding_bars,3,15.222613261829387,15.222613261829387,0.4643898060609242,0.5356101939390757,1.7968270038390206,10.70740403361632,2,True,PASS,
181,180,181,QQQ,long,2026-09-09T14:31:00+00:00,718.0,2026-09-09T14:39:00+00:00,717.465,vwap_confirmed_reverse,-7.638179279528286,-0.07451253481893708,-0.0008279157723370409,vwap_trend_confirmed_htf,long,True,718.3806,713.1382408529963,717.5797471037578,3,8.0,long,vwap-entry-research-v1,reconstructed_current_market_cache,recorded_review_entry,2026-09-09T14:31:00+00:00,61,2026-09-09T14:30:00+00:00,717.99,717.5797471037578,61.0,1.0,0.5995995995996394,0.5995995995996394,1.0,0.33077994428972746,0.33077994428972746,2.0,0.11045655375552899,-0.11045655375552899,2.0,0.04266211604096112,-0.04266211604096112,0.6,0.16483994511817812,0.16483994511817812,6.559979944010729,0.6414508754490671,0.35854912455093296,0.3,-0.802479841809367,-0.802479841809367,6.720010027995075,0.5715182723922668,0.4284817276077332,0.5,0.3267653902505607,0.3267653902505607,6.684912046128818,0.5533411870228769,0.44665881297712307,4.0,0.6812806257099534,8.0,0.6392997752578287,3,716.4,719.7,715.48,22.194304857621194,22.194304857621194,23.75989995831647,35.081343992843834,58.77519185504014,0.5947867298578139,0.5947867298578139,718.37,716.91,5.292552821069868,15.041992228304585,False,12,24.632776246467092,24.632776246467092,0.32768361581922817,0.32768361581922817,4,-8.76314471707551,-8.76314471707551,0.7808219178081467,-0.7808219178081467,recorded_review_entry.preceding_bars,3,8.22414273766503,8.22414273766503,0.77132791327903,0.22867208672097003,7.455918846997072,5.717174960665675,1,True,PASS,
181,181,182,QQQ,long,2026-09-09T14:42:00+00:00,718.14,2026-09-09T14:55:00+00:00,717.61,vwap_confirmed_reverse,-7.559682183379251,-0.07380176567242776,-0.0008200196185825305,vwap_trend_confirmed_htf,long,True,718.3806,713.1382408529963,717.5943381713118,3,13.0,long,vwap-entry-research-v1,reconstructed_current_market_cache,recorded_review_entry,2026-09-09T14:42:00+00:00,72,2026-09-09T14:41:00+00:00,718.14,717.5943381713118,72.0,1.0,0.7690515031460731,0.7690515031460731,2.0,0.20252285615093316,0.20252285615093316,3.0,0.27607760019031885,0.27607760019031885,4.0,0.08321544478655701,-0.08321544478655701,0.6,0.08481683821726094,0.08481683821726094,6.37201659843456,0.43567957967955684,0.564320420320443,0.8,0.15167339631139143,0.15167339631139143,6.074999303756636,0.3751596888491262,0.6248403111508738,0.6,-0.3705462451453201,-0.3705462451453201,6.344654245690189,0.46863300576247313,0.5313669942375269,5.0,0.7510949494949188,9.0,0.7243980671281854,3,716.4,719.7,715.48,24.288107202681264,24.288107202681264,21.675698207587317,37.17783865377045,58.76291530899306,0.6303317535544908,0.6303317535544908,718.29,717.33,2.088729217143973,11.279137772578403,False,14,1.923666248782041,1.923666248782041,0.4434078507304985,-0.4434078507304985,4,-8.76314471707551,-8.76314471707551,0.7808219178081467,-0.7808219178081467,recorded_review_entry.preceding_bars,3,9.408124438126109,9.408124438126109,0.5806780873447716,0.4193219126552285,6.2520365080205975,7.604043115483349,1,True,PASS,
181,182,183,QQQ,long,2026-09-10T13:38:00+00:00,708.28,2026-09-10T13:53:00+00:00,708.34,vwap_confirmed_reverse,0.8670864946738486,0.008471226068794703,9.412477691848863e-05,vwap_trend_confirmed_htf,long,True,716.28,712.7436699127684,707.9857239588657,3,15.0,long,vwap-entry-research-v1,reconstructed_current_market_cache,recorded_review_entry,2026-09-10T13:38:00+00:00,8,2026-09-10T13:37:00+00:00,708.2829,707.9857239588657,8.0,2.0,0.3666306164586199,0.3666306164586199,,,,,,,,,,0.8,1.3408899638789329,1.3408899638789329,12.00085446083729,0.38926927246226545,0.6107307275377345,,,,,,,,,,,,,,,,,3,707.56,708.74,706.855,10.216801402003206,10.216801402003206,6.449473713914391,20.200748385454194,26.613659598445633,0.7575066312997503,0.7575066312997503,708.74,707.58,6.4536359694688175,9.924000706497356,False,1,3.0386115665104185,3.0386115665104185,,,0,,,,,recorded_review_entry.preceding_bars,3,7.105315210942376,7.105315210942376,0.390407549015584,0.609592450984416,3.572779519644978,4.197486348631335,1,True,PASS,
181,183,184,QQQ,long,2026-09-10T14:04:00+00:00,709.63,2026-09-10T14:09:00+00:00,708.3799999999999,vwap_confirmed_reverse,-18.0314638038094,-0.17614813353437705,-0.001957198419209981,vwap_trend_confirmed_htf,long,True,716.28,712.7436699127684,708.6057587468412,3,5.0,long,vwap-entry-research-v1,reconstructed_current_market_cache,recorded_review_entry,2026-09-10T14:04:00+00:00,34,2026-09-10T14:03:00+00:00,709.62,708.605758746841,34.0,1.0,1.0,1.0,1.0,0.6923140701433924,0.6923140701433924,2.0,0.11634273200109928,0.11634273200109928,3.0,0.16436232762000236,0.16436232762000236,0.6,0.33227504105948213,0.33227504105948213,8.659000591866185,0.5632158756028459,0.436784124397154,0.3,-0.26087152857456886,-0.26087152857456886,8.446633409430635,0.43263135606922176,0.5673686439307781,0.5,2.4381425545794144,2.4381425545794144,10.026633973112668,0.49833599791487193,0.5016640020851281,3.0,0.6802203682171191,9.0,0.7147392232221639,3,707.56,710.36,706.855,29.114138730286232,29.114138730286232,10.41725322371768,39.11693345877141,49.39263267664377,0.7888730385164022,0.7888730385164022,708.4071,707.71,-17.092246554493823,26.91581409768564,True,6,-2.471768868423929,-2.471768868423929,1.0,-1.0,2,-13.544400237025522,-13.544400237025522,,,recorded_review_entry.preceding_bars,3,19.27271957134158,19.27271957134158,0.6656772529888094,0.3343227470111905,6.229705040161952,14.31319518137459,2,True,PASS,
181,184,185,QQQ,long,2026-09-10T14:12:00+00:00,708.9,2026-09-10T14:17:00+00:00,708.43,vwap_confirmed_reverse,-6.774857175670844,-0.06629990125547007,-0.0007366632602522011,vwap_trend_confirmed_htf,long,True,716.28,712.7436699127684,708.6198328415276,3,5.0,long,vwap-entry-research-v1,reconstructed_current_market_cache,recorded_review_entry,2026-09-10T14:12:00+00:00,42,2026-09-10T14:11:00+00:00,708.88,708.6198328415277,42.0,1.0,1.0,1.0,2.0,0.20930232558140652,-0.20930232558140652,3.0,0.10521630043300277,0.10521630043300277,4.0,0.04697181690985748,-0.04697181690985748,0.6,-0.012435894968243488,-0.012435894968243488,8.785690102697306,0.3439253166402394,0.6560746833597607,0.8,0.408057118321814,0.408057118321814,8.093048188692133,0.44674906192409525,0.5532509380759048,0.45,-0.2585051399006666,-0.2585051399006666,8.191513373208615,0.4038480195445813,0.5961519804554187,4.0,0.6896938719303941,8.0,0.7181666593485851,3,707.56,710.36,706.855,18.655661710669236,18.655661710669236,20.83450644743536,28.648025408322457,49.44419365760066,0.5777460770328046,0.5777460770328046,709.1,708.04,3.103487191062342,11.849678365873375,False,8,-4.160877874707092,-4.160877874707092,0.6000000000000314,0.6000000000000314,2,-13.544400237025522,-13.544400237025522,,,recorded_review_entry.preceding_bars,3,7.058358508145179,7.058358508145179,0.29231179287498715,0.7076882071250129,1.0526251099162411,3.6714631233091106,2,True,PASS,
181,185,186,QQQ,short,2026-09-11T13:33:00+00:00,714.46,2026-09-11T13:35:00+00:00,715.68,vwap_confirmed_reverse,-17.43737637332123,-0.17075833496625614,-0.001897314832958402,vwap_trend_confirmed_htf,short,True,708.63,713.4479447365518,714.6556890051078,3,2.0,short,vwap-entry-research-v1,reconstructed_current_market_cache,recorded_review_entry,2026-09-11T13:33:00+00:00,3,2026-09-11T13:32:00+00:00,714.46,714.6556890051078,3.0,,,,,,,,,,,,,,,,,,,,,,,,,,,,,,,,,,,3,715.66,715.68,713.93,-16.767738870412387,16.767738870412387,17.04672479320246,7.423697001107762,24.49402345827618,0.30285714285719223,0.6971428571428078,,713.93,,7.418189961650567,False,0,,,,,0,,,,,recorded_review_entry.preceding_bars,3,-16.767738870412387,16.767738870412387,0.43285286535122247,0.5671471346487774,2.3319685185647727,2.738227766438999,1,True,PASS,
181,186,187,QQQ,short,2026-09-11T14:06:00+00:00,714.93,2026-09-11T14:20:00+00:00,716.16,vwap_confirmed_reverse,-17.538748169482258,-0.1720448155763527,-0.0019114961731225273,vwap_trend_confirmed_htf,short,True,708.63,713.4479447365518,715.465237884694,3,14.0,short,vwap-entry-research-v1,reconstructed_current_market_cache,recorded_review_entry,2026-09-11T14:06:00+00:00,36,2026-09-11T14:05:00+00:00,714.95,715.465237884694,36.0,1.0,0.7584951456311352,0.7584951456311352,1.0,0.3698322546559491,0.3698322546559491,3.0,0.19882597992805154,0.19882597992805154,4.0,0.037008431486132545,-0.037008431486132545,0.6,0.007290772536805434,-0.007290772536805434,8.847611721099229,0.5093515405962863,0.49064845940371365,0.3,1.7300192553948435,-1.7300192553948435,7.934540876984317,0.5038805613223483,0.49611943867765174,0.2,3.1409025561757176,-3.1409025561757176,8.629064969578383,0.49549179311035685,0.5045082068896432,3.0,0.6607961263170836,7.0,0.6754504591378542,3,715.66,717.05,713.93,-9.920912164993467,9.920912164993467,29.286660623386226,14.287114983263002,43.63941534373039,0.32692307692310707,0.6730769230768929,716.138,714.9151,16.616546611650996,0.48814602419740216,False,7,-26.920340897994556,26.920340897994556,0.2862068965517405,0.2862068965517405,2,12.220841073198319,-12.220841073198319,,,recorded_review_entry.preceding_bars,3,-15.850073664439579,15.850073664439579,0.5458971680421262,0.4541028319578739,0.14276520137342713,7.20143841253997,2,True,PASS,
181,187,188,QQQ,short,2026-09-11T14:39:00+00:00,714.69,2026-09-11T15:07:00+00:00,715.895,vwap_confirmed_reverse,-17.15846839400953,-0.16860456981347538,-0.0018733841090386154,vwap_trend_confirmed_htf,short,True,708.63,713.4479447365518,715.4733190119618,4,28.0,short,vwap-entry-research-v1,reconstructed_current_market_cache,recorded_review_entry,2026-09-11T14:39:00+00:00,69,2026-09-11T14:38:00+00:00,714.69,715.4733190119618,69.0,1.0,0.7812499999999413,0.7812499999999413,1.0,0.7085668534827655,0.7085668534827655,1.0,0.355898456943728,0.355898456943728,2.0,0.04705525197327672,0.04705525197327672,0.8,-0.4436249784489643,0.4436249784489643,5.817907064601616,0.6189751552794711,0.3810248447205288,0.4,-0.16734955817443442,0.16734955817443442,6.5259063370132315,0.5871497745521916,0.4128502254478084,0.2,1.352664427600736,-1.352664427600736,6.134757727126229,0.49051342806225806,0.509486571937742,4.0,0.6733803831842838,7.0,0.7726302535575291,4,715.66,717.05,713.93,-13.553922253582984,13.553922253582984,32.91262812913883,10.645301360078784,43.6552911052345,0.24358974358977675,0.7564102564102233,715.35,715.03,9.23477311841453,-4.757307364030812,True,13,-13.398464759246664,13.398464759246664,0.6576576576575986,0.6576576576575986,4,18.878214540420934,-18.878214540420934,0.12959999999999128,0.12959999999999128,recorded_review_entry.preceding_bars,3,-8.80724710619063,8.80724710619063,0.6284506556245746,0.37154934437542536,5.403612457236804,10.948263074904373,1,True,PASS,
181,188,189,QQQ,long,2026-09-14T13:34:00+00:00,703.3,2026-09-14T13:37:00+00:00,702.83,vwap_confirmed_reverse,-6.789433826644443,-0.06682781174462016,-0.0007425324146994777,vwap_trend_confirmed_htf,long,True,714.85,713.796016109863,703.2504845538718,3,3.0,long,vwap-entry-research-v1,reconstructed_current_market_cache,recorded_review_entry,2026-09-14T13:34:00+00:00,4,2026-09-14T13:33:00+00:00,703.31,703.2504845538718,4.0,,,,,,,,,,,,,,,,,,,,,,,,,,,,,,,,,,,3,703.33,703.99,702.74,-0.2843615372594144,-0.2843615372594144,9.659228114036615,8.111107948884884,17.773101477300198,0.45599999999994906,0.45599999999994906,,702.74,,8.104534273647984,,0,,,,,0,,,,,recorded_review_entry.preceding_bars,3,6.260048088551073,6.260048088551073,0.463024863047308,0.536975136952692,0.4549242519174945,0.8462908655634711,1,True,PASS,
181,189,190,QQQ,long,2026-09-14T13:43:00+00:00,703.83,2026-09-14T14:38:00+00:00,705.0247,vwap_confirmed_reverse,17.233642606041848,0.16974269354815957,0.0018860269509099587,vwap_trend_confirmed_htf,long,True,714.85,713.796016109863,703.2214073977316,3,55.0,long,vwap-entry-research-v1,reconstructed_current_market_cache,recorded_review_entry,2026-09-14T13:43:00+00:00,13,2026-09-14T13:42:00+00:00,703.82,703.2214073977316,13.0,1.0,0.8222457627117193,0.8222457627117193,2.0,0.32323488401570943,0.32323488401570943,,,,,,,0.6,0.14472876733950812,0.14472876733950812,7.516126282287709,0.3578510724498618,0.6421489275501381,0.5,-0.41346798585917277,-0.41346798585917277,7.807820181295931,0.3462845372526389,0.6537154627473611,,,,,,,5.0,0.7998899082568327,,,3,703.33,703.99,702.74,6.966857662833448,6.966857662833448,2.4148070285083465,15.368415061047342,17.760222784234603,0.8640000000000327,0.8640000000000327,703.545,702.82,-3.9072490125329056,14.208178227387684,True,2,-5.120002274926483,-5.120002274926483,,,0,,,,,recorded_review_entry.preceding_bars,3,12.233982018892142,12.233982018892142,0.4722550553902452,0.5277449446097547,0.15110983249242405,8.512149885817013,2,True,PASS,
181,190,191,QQQ,long,2026-09-14T14:47:00+00:00,705.855,2026-09-14T20:00:00+00:00,709.1600000000001,session_close,47.61880794238933,0.46822647710931425,0.00520252050706071,vwap_trend_confirmed_htf,long,True,714.85,713.796016109863,705.0813361742613,3,313.0,long,vwap-entry-research-v1,reconstructed_current_market_cache,recorded_review_entry,2026-09-14T14:47:00+00:00,77,2026-09-14T14:46:00+00:00,705.86,705.0813361742613,77.0,1.0,0.5163398692809544,0.5163398692809544,1.0,0.3388429752065743,0.3388429752065743,2.0,0.06868686868686975,0.06868686868686975,2.0,0.11463644424738864,-0.11463644424738864,0.6,0.1488849603559217,0.1488849603559217,7.331482163602105,0.6868340482542189,0.3131659517457811,0.3,0.06789121250738717,0.06789121250738717,5.755107245062993,0.5567585314618668,0.4432414685381332,0.6,0.5858105331446595,0.5858105331446595,6.004731816507586,0.5490275307115282,0.4509724692884718,7.0,0.7364453974901006,13.0,0.6932696095814354,3,703.33,707.7699,702.74,35.971734463196015,35.971734463196015,26.984758747157702,44.3976435096907,71.25917320715153,0.620290661842185,0.620290661842185,705.22,704.7,-9.066953786869725,16.433853738701274,True,15,7.660661086679177,7.660661086679177,0.3797468354429979,-0.3797468354429979,5,-4.992969604092901,-4.992969604092901,1.0,-1.0,recorded_review_entry.preceding_bars,3,15.466038565774554,15.466038565774554,0.6583131573466897,0.3416868426533104,5.238275843960817,11.043602855291814,1,True,PASS,
181,191,192,QQQ,short,2026-09-15T13:34:00+00:00,707.955,2026-09-15T13:37:00+00:00,708.515,vwap_confirmed_reverse,-8.082275693859206,-0.07910107280829225,-0.0008788877048317565,vwap_trend_confirmed_htf,short,True,709.16,713.9573943608134,708.3001109268354,3,3.0,short,vwap-entry-research-v1,reconstructed_current_market_cache,recorded_review_entry,2026-09-15T13:34:00+00:00,4,2026-09-15T13:33:00+00:00,707.96,708.3001109268354,4.0,,,,,,,,,,,,,,,,,,,,,,,,,,,,,,,,,,,3,708.79,708.855,707.61,-11.710097490087445,11.710097490087445,12.625995443355578,4.9462274416701675,17.58573930730556,0.28112449799198513,0.7188755020080149,,707.61,,4.943782134584195,False,0,,,,,0,,,,,recorded_review_entry.preceding_bars,3,-9.313877677739058,9.313877677739058,0.6467694764144131,0.3532305235855869,9.511959641977274,4.8017912405843,1,True,PASS,
181,192,193,QQQ,short,2026-09-15T14:06:00+00:00,708.045,2026-09-15T20:00:00+00:00,704.59,session_close,49.81897762488938,0.48796333566368344,0.0054220573372753935,vwap_trend_confirmed_htf,short,True,709.16,713.9573943608134,708.640328444345,3,354.0,short,vwap-entry-research-v1,reconstructed_current_market_cache,recorded_review_entry,2026-09-15T14:06:00+00:00,36,2026-09-15T14:05:00+00:00,708.03,708.640328444345,36.0,1.0,1.0,1.0,1.0,0.5277777777777515,0.5277777777777515,1.0,0.40070038386421053,0.40070038386421053,1.0,0.09307299298982251,0.09307299298982251,0.6,-0.4906723853137507,0.4906723853137507,4.561671115630791,0.46712200558517114,0.5328779944148287,0.3,-0.20246111781863085,0.20246111781863085,4.448822789994777,0.48025292472266623,0.5197470752773338,0.15,0.6078703538925367,-0.6078703538925367,4.898874341482777,0.4517646481488014,0.5482353518511986,2.0,0.6742675145853795,7.0,0.7687753435283513,3,708.79,709.5299,707.56,-10.72249890658683,10.72249890658683,21.13934874344302,6.642546215162351,27.822267418048,0.23859079141073902,0.761409208589261,708.85,708.56,11.581430165389179,-7.485558521531188,True,7,-10.579174542274528,10.579174542274528,1.0,1.0,2,-2.3973375451258327,2.3973375451258327,,,recorded_review_entry.preceding_bars,3,-9.876821920901113,9.876821920901113,0.5618089592474954,0.4381910407525047,4.7407493759836346,8.61266879468772,2,True,PASS,
181,193,194,QQQ,short,2026-09-16T13:34:00+00:00,708.05,2026-09-16T13:42:00+00:00,708.55,vwap_confirmed_reverse,-7.244822351538971,-0.0706164818868724,-0.0007846743679840305,vwap_trend_confirmed_htf,short,True,704.59,714.238291458114,708.3016337547775,3,8.0,short,vwap-entry-research-v1,reconstructed_current_market_cache,recorded_review_entry,2026-09-16T13:34:00+00:00,4,2026-09-16T13:33:00+00:00,708.03,708.3016337547775,4.0,,,,,,,,,,,,,,,,,,,,,,,,,,,,,,,,,,,3,708.0,708.8,707.86,0.423728813558899,-0.423728813558899,10.86343115124128,2.4016048371141054,13.276273604224974,0.18085106382975508,0.8191489361702449,,,,,,0,,,,,0,,,,,recorded_review_entry.preceding_bars,3,-8.890017780035508,8.890017780035508,0.47214024963382095,0.5278597503661789,1.197617030476502,3.835001104509617,1,True,PASS,
181,194,195,QQQ,short,2026-09-17T13:33:00+00:00,714.9,2026-09-17T13:51:00+00:00,714.94,vwap_confirmed_reverse,-0.5736269749437746,-0.00559518813821196,-6.217242901474933e-05,vwap_trend_confirmed_htf,short,True,704.75,713.0148177044599,715.5925880150733,3,18.0,short,vwap-entry-research-v1,reconstructed_current_market_cache,recorded_review_entry,2026-09-17T13:33:00+00:00,3,2026-09-17T13:32:00+00:00,714.88,715.5925880150733,3.0,,,,,,,,,,,,,,,,,,,,,,,,,,,,,,,,,,,3,715.98,716.43,714.631,-15.363557641274728,15.363557641274728,21.635051575170703,3.484315681799749,25.165062667860035,0.13841022790440616,0.8615897720955938,,,,,,0,,,,,0,,,,,recorded_review_entry.preceding_bars,3,-15.363557641274728,15.363557641274728,0.3069271085979198,0.6930728914020802,0.04655861962841494,9.958012799571586,1,True,PASS,
181,195,196,QQQ,long,2026-09-21T13:37:00+00:00,728.94,2026-09-21T20:00:00+00:00,741.39,session_close,175.09274056776013,1.70795950283973,0.018977331569818325,vwap_trend_confirmed_htf,long,True,721.34,714.4392997749508,728.493312102135,3,383.0,long,vwap-entry-research-v1,reconstructed_current_market_cache,recorded_review_entry,2026-09-21T13:37:00+00:00,7,2026-09-21T13:36:00+00:00,728.9413,728.493312102135,7.0,1.0,0.4844115040682448,0.4844115040682448,,,,,,,,,,0.6,0.08252529710262024,0.08252529710262024,7.439007777444259,0.5622294937433943,0.43777050625660585,,,,,,,,,,,,,,,,,3,727.87,728.9413,727.81,14.718287606303448,14.718287606303448,0.0,15.54389194982221,15.519768189839295,1.0,1.0,728.84,727.81,-1.3896866592676775,15.519768189839295,True,1,10.784892906698929,10.784892906698929,,,0,,,,,recorded_review_entry.preceding_bars,3,12.65487211889793,12.65487211889793,0.5068033014648667,0.49319669853513326,3.0826301832627014,6.149512842778122,2,True,PASS,
181,196,197,QQQ,long,2026-09-22T13:33:00+00:00,743.3,2026-09-22T14:43:00+00:00,744.36,vwap_confirmed_reverse,14.869187752793714,0.14260729180681542,0.0015845266488233906,vwap_trend_confirmed_htf,long,True,741.39,716.8980170408727,742.2014065919118,3,70.0,long,vwap-entry-research-v1,reconstructed_current_market_cache,recorded_review_entry,2026-09-22T13:33:00+00:00,3,2026-09-22T13:32:00+00:00,743.305,742.2014065919118,3.0,,,,,,,,,,,,,,,,,,,,,,,,,,,,,,,,,,,3,740.98,743.4198,740.94,31.377365111067146,31.377365111067146,1.544214991315261,31.91891381218311,33.36180975507975,0.9537059440277195,0.9537059440277195,,,,,,0,,,,,0,,,,,recorded_review_entry.preceding_bars,3,31.377365111067146,31.377365111067146,0.7700114162769501,0.22998858372304976,5.392507111368446,14.869190468874347,2,True,PASS,
181,197,198,QQQ,long,2026-09-22T14:51:00+00:00,745.365,2026-09-22T15:05:00+00:00,744.6,vwap_confirmed_reverse,-10.716595700658456,-0.1026342798494679,-0.0011403791872599317,vwap_trend_confirmed_htf,long,True,741.39,716.8980170408727,744.6874196797816,3,14.0,long,vwap-entry-research-v1,reconstructed_current_market_cache,recorded_review_entry,2026-09-22T14:51:00+00:00,81,2026-09-22T14:50:00+00:00,745.355,744.6874196797816,81.0,1.0,1.0,1.0,3.0,0.4013921113688765,0.4013921113688765,4.0,0.14035418236623168,-0.14035418236623168,4.0,0.012430535244228014,-0.012430535244228014,0.6,0.23601079084611953,0.23601079084611953,6.399366744705585,0.5971528482118599,0.40284715178814007,0.4,0.05923857719025705,0.05923857719025705,6.472083772162351,0.5869752034175855,0.4130247965824146,0.7,2.4905134030150933,2.4905134030150933,6.925022304807805,0.5487088487562095,0.45129115124379043,3.0,0.5255337628023656,6.0,0.6122086212583849,3,740.98,746.6,740.94,59.043428972442854,59.043428972442854,16.67559603536036,59.586471239236154,75.93696963191992,0.7800353356890439,0.7800353356890439,744.92,744.05,-5.836145192560043,17.508435577678604,True,16,8.997636441769874,8.997636441769874,0.04225352112680341,-0.04225352112680341,5,-15.418758269027943,-15.418758269027943,1.0,-1.0,recorded_review_entry.preceding_bars,3,9.501139801046943,9.501139801046943,0.5690880496424366,0.43091195035756336,5.533146994581147,8.964570940456126,2,True,PASS,
181,198,199,QQQ,long,2026-09-22T15:17:00+00:00,745.26,2026-09-22T15:37:00+00:00,744.67,vwap_confirmed_reverse,-8.257767344325343,-0.07916700212006975,-0.0008796343273629101,vwap_trend_confirmed_htf,long,True,741.39,716.8980170408727,744.7470767158162,3,20.0,long,vwap-entry-research-v1,reconstructed_current_market_cache,recorded_review_entry,2026-09-22T15:17:00+00:00,107,2026-09-22T15:16:00+00:00,745.2674,744.7470767158163,107.0,1.0,0.48461137193532117,0.48461137193532117,4.0,0.29316754262280753,0.29316754262280753,8.0,0.09619183868109284,0.09619183868109284,9.0,0.13041489980875423,0.13041489980875423,0.6,0.08915773059392507,0.08915773059392507,4.9107206353044255,0.5904429467674464,0.4095570532325537,0.7,0.09895888416266985,0.09895888416266985,4.581040308484893,0.4452580806673391,0.5547419193326609,0.7,0.2514324369018439,0.2514324369018439,4.363601574414611,0.47397753032176865,0.5260224696782314,6.0,0.8142837021716063,13.0,0.8127252469720573,3,740.98,746.6,740.94,57.86121082890227,57.86121082890227,17.848915081704668,58.40418927308416,75.94589539271367,0.764558303886912,0.764558303886912,745.285,744.465,0.2361568478644823,10.766605382174513,False,21,7.4601860413259224,7.4601860413259224,0.914529914529981,0.914529914529981,7,3.0203369353642984,3.0203369353642984,1.0,1.0,recorded_review_entry.preceding_bars,3,8.82878285276778,8.82878285276778,0.7990407600509443,0.2009592399490557,5.801410368096488,6.986577060203482,1,True,PASS,
181,199,200,QQQ,long,2026-09-23T14:56:00+00:00,742.3,2026-09-23T15:15:00+00:00,741.719,vwap_confirmed_reverse,-8.15776444815539,-0.07827024114238228,-0.0008696706477922245,vwap_trend_confirmed_htf,long,True,747.465,719.6862434153555,741.7085641361776,3,19.0,long,vwap-entry-research-v1,reconstructed_current_market_cache,recorded_review_entry,2026-09-23T14:56:00+00:00,86,2026-09-23T14:55:00+00:00,742.31,741.7085641361776,86.0,1.0,0.936160352218704,0.936160352218704,1.0,0.6182380216383064,0.6182380216383064,1.0,0.4140708099072787,0.4140708099072787,1.0,0.5100069546402599,0.5100069546402599,0.6,0.23436759446715527,0.23436759446715527,12.999690156403545,0.46487641203132124,0.5351235879686786,0.3,-0.4806655057909559,-0.4806655057909559,9.126106343710868,0.42210853154596456,0.5778914684540354,0.15,-2.2815165908496304,-2.2815165908496304,7.4730233999273405,0.46132921894434464,0.5386707810556552,5.0,0.8429785077426032,9.0,0.7190391686387961,3,746.97,747.13,738.191,-62.38537022905999,-62.38537022905999,64.5135384738941,55.798567037527064,120.4213872910235,0.460789797516493,0.460789797516493,742.56,739.89,3.36786517762121,32.60093491937276,False,17,26.3361887841973,26.3361887841973,1.0,1.0,5,13.124424960759828,13.124424960759828,0.005235602094236475,0.005235602094236475,recorded_review_entry.preceding_bars,3,16.327081365536955,16.327081365536955,0.35294482891582685,0.6470551710841731,8.975772469069243,8.108789528711434,1,True,PASS,
181,200,201,QQQ,long,2026-09-23T15:24:00+00:00,742.23,2026-09-23T15:30:00+00:00,741.331,vwap_confirmed_reverse,-12.614081148539181,-0.12112148525389714,-0.0013457962952428582,vwap_trend_confirmed_htf,long,True,747.465,719.6862434153555,741.7489213897561,3,6.0,long,vwap-entry-research-v1,reconstructed_current_market_cache,recorded_review_entry,2026-09-23T15:24:00+00:00,114,2026-09-23T15:23:00+00:00,742.24,741.7489213897561,114.0,1.0,0.6834229600187066,0.6834229600187066,3.0,0.2505010020040043,0.2505010020040043,4.0,0.04746264638577805,0.04746264638577805,4.0,0.011926331508207627,-0.011926331508207627,0.6,0.06284860573302353,0.06284860573302353,5.118829489113868,0.513573587631144,0.48642641236885603,0.4,-0.027492502668868823,-0.027492502668868823,5.061031472299858,0.4851122516316311,0.5148877483683689,0.65,0.09361032184518336,0.09361032184518336,4.58167169648612,0.4910243094882748,0.5089756905117252,6.0,0.6518792661426215,11.0,0.7169262478930721,3,746.97,747.13,738.191,-63.322489524345606,-63.322489524345606,65.45045708243528,54.85030297036916,120.43274412588872,0.4529589439534617,0.4529589439534617,742.4005,741.5,2.1623733563262064,9.969821082129892,False,22,-0.8574675854344793,-0.8574675854344793,1.0,-1.0,7,-11.043250486507672,-11.043250486507672,0.5099540581929815,0.5099540581929815,recorded_review_entry.preceding_bars,3,8.629989212514122,8.629989212514122,0.5722020072985284,0.4277979927014715,2.5646507773078193,6.620550378742826,1,True,PASS,
181,201,202,QQQ,long,2026-09-24T13:36:00+00:00,736.29,2026-09-24T13:55:00+00:00,735.92,vwap_confirmed_reverse,-5.227101243906257,-0.05025193877412495,-0.0005583531900830506,vwap_trend_confirmed_htf,long,True,741.17,721.9970169669174,735.325399804781,3,19.0,long,vwap-entry-research-v1,reconstructed_current_market_cache,recorded_review_entry,2026-09-24T13:36:00+00:00,6,2026-09-24T13:35:00+00:00,736.27,735.3253998047811,6.0,2.0,0.5429191907646396,0.5429191907646396,,,,,,,,,,0.8,2.8650811923536246,2.8650811923536246,9.928422996998927,0.5287062872336512,0.4712937127663488,,,,,,,,,,,,,,,,,3,735.289,736.4,734.62,13.341692858181986,13.341692858181986,1.7653449212383956,22.460591870626683,24.175913727300756,0.926966292134833,0.926966292134833,735.825,734.88,-6.043978431824417,18.878943865701256,True,1,6.813647422985181,6.813647422985181,,,0,,,,,recorded_review_entry.preceding_bars,3,17.892251906579393,17.892251906579393,0.626426940639255,0.373573059360745,4.030795071023758,12.84601613747664,2,True,PASS,
181,202,203,QQQ,long,2026-09-24T14:02:00+00:00,736.7901,2026-09-24T14:54:00+00:00,736.59,vwap_confirmed_reverse,-2.8235345134725467,-0.02715834536864982,-0.000301760685378323,vwap_trend_confirmed_htf,long,True,741.17,721.9970169669174,736.2969039012943,3,52.0,long,vwap-entry-research-v1,reconstructed_current_market_cache,recorded_review_entry,2026-09-24T14:02:00+00:00,32,2026-09-24T14:01:00+00:00,736.8185,736.2969039012943,32.0,1.0,0.5688903788132481,0.5688903788132481,2.0,0.07941858015588059,0.07941858015588059,2.0,0.08489740348147969,0.08489740348147969,3.0,0.21812165360663377,0.21812165360663377,0.6,0.4801689316136226,0.4801689316136226,7.744648105334297,0.4542112066203715,0.5457887933796285,0.4,0.2213959047825398,0.2213959047825398,7.353507003420884,0.42785651197600416,0.572143488023996,0.7,5.062338006975864,5.062338006975864,7.318559455279765,0.4399993934494998,0.5600006065505003,5.0,0.6103462052560887,8.0,0.6691256346955187,3,735.289,737.77,734.62,20.801344777359176,20.801344777359176,12.89697331146577,29.92703710761982,42.75136957066058,0.6979365079365025,0.6979365079365025,736.95,735.91,1.7847000312841448,12.330037858712881,False,6,10.979454288508883,10.979454288508883,0.04276729559747618,0.04276729559747618,2,-1.5200043428709176,-1.5200043428709176,,,recorded_review_entry.preceding_bars,3,7.585635509195221,7.585635509195221,0.6031212592138112,0.39687874078618873,6.276315327180111,7.0840457964985495,1,True,PASS,
181,203,204,QQQ,long,2026-09-25T13:35:00+00:00,743.595,2026-09-25T14:03:00+00:00,743.35,vwap_confirmed_reverse,-3.424533776880343,-0.03294804295349008,-0.0003660904602056002,vwap_trend_confirmed_htf,long,True,741.06,724.2297047450477,742.5379067182953,3,28.0,long,vwap-entry-research-v1,reconstructed_current_market_cache,recorded_review_entry,2026-09-25T13:35:00+00:00,5,2026-09-25T13:34:00+00:00,743.615,742.5379067182953,5.0,2.0,0.5639097744360568,0.5639097744360568,,,,,,,,,,0.8,2.531241574665888,2.531241574665888,12.022350275343863,0.5467420945039569,0.4532579054960431,,,,,,,,,,,,,,,,,3,742.86,743.69,741.66,10.16342244837487,10.16342244837487,1.0084847180955165,26.35978750370845,27.29907277287422,0.9630541871920973,0.9630541871920973,,741.66,,26.290486340378298,,1,10.16342244837487,10.16342244837487,,,0,,,,,recorded_review_entry.preceding_bars,3,20.820138261887777,20.820138261887777,0.628778621456421,0.37122137854357895,2.7333148698120393,14.505566274252827,2,True,PASS,
181,204,205,QQQ,long,2026-09-25T14:58:00+00:00,742.69,2026-09-25T15:37:00+00:00,742.08,vwap_confirmed_reverse,-8.533967294601986,-0.08213386473495181,-0.0009126032756473516,vwap_trend_confirmed_htf,long,True,741.06,724.2297047450477,742.4610542501382,3,39.0,long,vwap-entry-research-v1,reconstructed_current_market_cache,recorded_review_entry,2026-09-25T14:58:00+00:00,88,2026-09-25T14:57:00+00:00,742.725,742.4610542501382,88.0,1.0,0.8801914202699991,0.8801914202699991,1.0,0.4112511161821483,0.4112511161821483,1.0,0.12113707332831672,0.12113707332831672,1.0,0.21336842944883072,0.21336842944883072,0.6,-0.041847700423813805,-0.041847700423813805,6.072234003164012,0.6525621879238545,0.34743781207614555,0.3,-0.2806982971870209,-0.2806982971870209,6.967450940792325,0.595965107645788,0.40403489235421197,0.15,-1.0916793503445987,-1.0916793503445987,7.30263556498033,0.5163848022803867,0.4836151977196133,5.0,0.6428748131089159,12.0,0.7562148906793037,3,742.86,745.42,739.64,-1.8173007026889287,-1.8173007026889287,36.15411445896188,41.709480287708026,77.82153556161396,0.5337370242214621,0.5337370242214621,742.24,741.22,-6.530007741761939,20.26321989969363,True,17,-0.6737000956646977,-0.6737000956646977,0.8157894736841043,0.8157894736841043,5,9.71948486730323,9.71948486730323,0.5368421052631226,0.5368421052631226,recorded_review_entry.preceding_bars,3,9.501091614780854,9.501091614780854,0.5686605571088065,0.4313394428911936,1.364402230587854,3.5550113820905427,1,True,PASS,
181,205,206,QQQ,long,2026-09-29T13:56:00+00:00,738.74,2026-09-29T14:13:00+00:00,737.9599,vwap_confirmed_reverse,-10.963028141466186,-0.10559872214853147,-0.001173319134983683,vwap_trend_confirmed_htf,long,True,736.53,727.0386171854432,737.8950559485424,4,17.0,long,vwap-entry-research-v1,reconstructed_current_market_cache,recorded_review_entry,2026-09-29T13:56:00+00:00,26,2026-09-29T13:55:00+00:00,738.74,737.8950559485424,26.0,1.0,0.912762520193732,0.912762520193732,1.0,0.8114338404793583,0.8114338404793583,1.0,0.19492464539006002,0.19492464539006002,,,,0.8,0.46518118211658077,0.46518118211658077,6.833527357392559,0.527207771630618,0.4727922283693819,0.4,-1.5269031352960205,-1.5269031352960205,7.342366732544539,0.40206404754711594,0.5979359524528839,0.2,-11.183692218509345,-11.183692218509345,8.22596583371684,0.4212503055083522,0.5787496944916478,5.0,0.6944798922121211,12.0,0.6894087514335856,4,740.13,740.5799,736.26,-18.780484509477446,-18.780484509477446,24.844044511604263,33.68375302203051,58.47659528386119,0.5740873631334152,0.5740873631334152,738.28,736.6,-6.226818637139405,28.968243224950406,True,5,14.111070406099824,14.111070406099824,1.0,1.0,1,-45.60009728020731,-45.60009728020731,,,recorded_review_entry.preceding_bars,3,10.298382069975354,10.298382069975354,0.5037958984541384,0.49620410154586164,3.2249756600796964,11.45073468979148,1,True,PASS,
181,206,207,QQQ,long,2026-09-29T14:19:00+00:00,738.88,2026-09-29T15:06:00+00:00,738.27,vwap_confirmed_reverse,-8.561876086525482,-0.08255738414898409,-0.000917307234087879,vwap_trend_confirmed_htf,long,True,736.53,727.0386171854432,738.0057953657429,3,47.0,long,vwap-entry-research-v1,reconstructed_current_market_cache,recorded_review_entry,2026-09-29T14:19:00+00:00,49,2026-09-29T14:18:00+00:00,738.9015,738.0057953657429,49.0,2.0,0.39306736429039585,0.39306736429039585,5.0,0.3198722269437291,0.3198722269437291,11.0,0.19260027662517504,0.19260027662517504,13.0,0.22266413049743328,0.22266413049743328,0.8,0.4261377358849572,0.4261377358849572,8.523734218972594,0.5470860190670966,0.45291398093290336,0.6,0.44701171057370814,0.44701171057370814,8.423585552337268,0.5692278622088166,0.4307721377911835,0.65,0.7657213556733211,0.7657213556733211,8.373984895145236,0.4743099926316326,0.5256900073683675,7.0,0.7305298692093949,15.0,0.7484751782304088,3,740.13,740.5799,736.26,-16.598435409994615,-16.598435409994615,22.66332100020399,35.87727161600609,58.463814189035496,0.6114724877890896,0.6114724877890896,738.57,737.56,-4.48638959320025,18.15532922859285,True,9,5.155449543274848,5.155449543274848,0.005315461058448637,-0.005315461058448637,3,6.104718144730459,6.104718144730459,1.0,1.0,recorded_review_entry.preceding_bars,3,15.404634267011108,15.404634267011108,0.49959672482398587,0.5004032751760141,8.713616159090778,12.136823855336935,1,True,PASS,
181,207,208,QQQ,long,2026-09-30T13:33:00+00:00,741.52,2026-09-30T13:47:00+00:00,740.7899,vwap_confirmed_reverse,-10.202669143613484,-0.09845992016398655,-0.0010940007522097933,vwap_trend_confirmed_htf,long,True,737.98,727.4732804179628,741.3359373593275,3,14.0,long,vwap-entry-research-v1,reconstructed_current_market_cache,recorded_review_entry,2026-09-30T13:33:00+00:00,3,2026-09-30T13:32:00+00:00,741.53,741.3359373593275,3.0,,,,,,,,,,,,,,,,,,,,,,,,,,,,,,,,,,,3,740.19,742.7493,739.76,18.10345992245166,18.10345992245166,16.416037012757545,23.926678922893668,40.31259692797267,0.5921118656541688,0.5921118656541688,,,,,,0,,,,,0,,,,,recorded_review_entry.preceding_bars,3,18.10345992245166,18.10345992245166,0.7026464673850229,0.29735353261497705,4.411771326188058,2.6177422527725787,1,True,PASS,
181,208,209,QQQ,long,2026-09-30T13:52:00+00:00,741.77,2026-09-30T14:36:00+00:00,742.2700000000001,vwap_confirmed_reverse,6.9779402592220405,0.06740633889210941,0.000748955955398175,vwap_trend_confirmed_htf,long,True,737.98,727.4732804179628,741.3104634323046,3,44.0,long,vwap-entry-research-v1,reconstructed_current_market_cache,recorded_review_entry,2026-09-30T13:52:00+00:00,22,2026-09-30T13:51:00+00:00,741.74,741.3104634323047,22.0,1.0,0.7669902912621209,0.7669902912621209,2.0,0.0533230952990359,0.0533230952990359,8.0,0.027598896044162467,0.027598896044162467,,,,0.6,0.26697819805354683,0.26697819805354683,9.34262679645174,0.2511012696630996,0.7488987303369005,0.6,-0.10785593945406013,-0.10785593945406013,9.019198101760832,0.3265592264971981,0.673440773502802,0.65,-0.34362190930115055,-0.34362190930115055,10.822053549761456,0.4743845125172241,0.5256154874827759,5.0,0.7284301568030476,12.0,0.6784828519642825,3,740.19,742.7493,739.76,20.940569313283586,20.940569313283586,13.588703483125993,26.765437439169705,40.30118370318383,0.6623624259860323,0.6623624259860323,742.1099,740.55,4.986922641357209,16.043357510718778,False,4,1.0784868829039063,1.0784868829039063,1.0,1.0,1,21.14321998405666,21.14321998405666,,,recorded_review_entry.preceding_bars,3,11.067321708146949,11.067321708146949,0.307352607718771,0.692647392281229,7.657155807712947,5.794287129127337,0,True,PASS,
181,209,210,QQQ,long,2026-09-30T14:43:00+00:00,743.28,2026-09-30T17:17:00+00:00,742.7983,vwap_confirmed_reverse,-6.71341276638502,-0.06480734043697295,-0.0007200837132819082,vwap_trend_confirmed_htf,long,True,737.98,727.4732804179628,742.5617329314064,5,154.0,long,vwap-entry-research-v1,reconstructed_current_market_cache,recorded_review_entry,2026-09-30T14:43:00+00:00,73,2026-09-30T14:42:00+00:00,743.3,742.5617329314064,73.0,0.0,0.45251396648042563,0.45251396648042563,2.0,0.19999999999997978,0.19999999999997978,2.0,0.09331259720063056,-0.09331259720063056,2.0,0.06579954093343031,0.06579954093343031,1.0,0.1077792149550838,0.1077792149550838,8.259114758509211,0.40435119343342124,0.5956488065665788,0.6,0.062065384833775994,0.062065384833775994,7.031481232342394,0.4697062386223534,0.5302937613776466,0.8,0.917930880042217,0.917930880042217,6.884030674021393,0.4656885510142358,0.5343114489857642,3.0,0.7167637371524331,12.0,0.7557119885997102,5,740.19,744.73,739.76,42.01623907374996,42.01623907374996,19.201589837928694,47.853357845787336,66.8639849320601,0.7122736418510954,0.7122736418510954,743.04,742.16,-3.4979147046951558,15.337010628279112,True,14,3.097976886399234,3.097976886399234,0.5111111111111515,-0.5111111111111515,4,-0.47089847428849474,-0.47089847428849474,1.0,-1.0,recorded_review_entry.preceding_bars,3,8.213386473494566,8.213386473494566,0.33383825360353797,0.6661617463964621,2.2222480910368994,9.942164211440495,2,True,PASS,
181,210,211,QQQ,long,2026-10-01T13:35:00+00:00,742.77,2026-10-01T13:43:00+00:00,741.7250000000001,vwap_confirmed_reverse,-14.564632834583165,-0.1406895808931377,-0.0015632245807715285,vwap_trend_confirmed_htf,long,True,739.84,728.5770660066198,742.3799878310224,3,8.0,long,vwap-entry-research-v1,reconstructed_current_market_cache,recorded_review_entry,2026-10-01T13:35:00+00:00,5,2026-10-01T13:34:00+00:00,742.8,742.3799878310223,5.0,1.0,0.39917695473248294,0.39917695473248294,,,,,,,,,,0.6,0.8979294146516104,0.8979294146516104,17.71674744211043,0.4780884084949017,0.5219115915050982,,,,,,,,,,,,,,,,,3,742.58,743.925,741.04,2.962643755552996,2.962643755552996,15.122492186712371,23.750404836445956,38.839526117393525,0.6100519930675897,0.6100519930675897,743.925,741.04,15.145395799676898,23.694130317716624,False,1,2.962643755552996,2.962643755552996,,,0,,,,,recorded_review_entry.preceding_bars,3,17.261840543747464,17.261840543747464,0.5447542033556032,0.45524579664439685,4.968016976259782,5.657644007953506,1,True,PASS,
181,211,212,QQQ,long,2026-10-01T13:55:00+00:00,742.3399,2026-10-01T14:00:00+00:00,741.3301,vwap_confirmed_reverse,-14.062376776480221,-0.13602933103823836,-0.00151143250962895,vwap_trend_confirmed_htf,long,True,739.84,728.5770660066198,741.8084127825335,3,5.0,long,vwap-entry-research-v1,reconstructed_current_market_cache,recorded_review_entry,2026-10-01T13:55:00+00:00,25,2026-10-01T13:54:00+00:00,742.32,741.8084127825335,25.0,1.0,0.4818181818182236,0.4818181818182236,1.0,0.19685039370078142,0.19685039370078142,3.0,0.051649412768637756,0.051649412768637756,,,,0.6,-0.3976366933655662,-0.3976366933655662,11.495311994827134,0.6413332068284038,0.35866679317159617,0.3,-3.1042402995185014,-3.1042402995185014,12.375525379890071,0.5684521814312478,0.4315478185687523,0.4,-7.311575727161346,-7.311575727161346,12.61699806013582,0.47952811092102926,0.5204718890789707,5.0,0.8224065771344437,11.0,0.7865563374924571,3,742.58,743.925,740.34,-3.5013062565647513,-3.5013062565647513,21.574755519708365,26.744468757598106,48.29453604914219,0.5523012552301425,0.5523012552301425,741.56,740.3606,-10.238172216835117,26.395624528506215,True,5,24.713365474213767,24.713365474213767,0.20826709062005294,0.20826709062005294,1,-12.321904710604903,-12.321904710604903,,,recorded_review_entry.preceding_bars,3,22.141815628882178,22.141815628882178,0.5895339679527346,0.41046603204726545,1.2419574610575685,6.896487134023489,2,True,PASS,
181,212,213,QQQ,long,2026-10-02T13:37:00+00:00,750.8195,2026-10-02T14:54:00+00:00,752.16,vwap_confirmed_reverse,18.43173732031414,0.1785382505382479,0.0019837408720912893,vwap_trend_confirmed_htf,long,True,742.04,729.6044812145009,750.1730210712267,3,77.0,long,vwap-entry-research-v1,reconstructed_current_market_cache,recorded_review_entry,2026-10-02T13:37:00+00:00,7,2026-10-02T13:36:00+00:00,750.76,750.1730210712266,7.0,1.0,0.319327731092449,0.319327731092449,,,,,,,,,,0.6,1.8537732652523786,1.8537732652523786,11.534977889072213,0.6143467643467493,0.38565323565325066,,,,,,,,,,,,,,,,,3,751.31,751.49,749.1,-7.320546778293302,-7.320546778293302,9.714034784228907,22.15992524362526,31.834407800095722,0.6945606694560575,0.6945606694560575,751.39,749.1,8.391496616761621,22.110927593371628,False,1,-1.1979076546286826,-1.1979076546286826,,,0,,,,,recorded_review_entry.preceding_bars,3,10.40027734072968,10.40027734072968,0.697985347985364,0.3020146520146359,15.051939375689381,7.824580627216231,1,True,PASS,
181,213,214,QQQ,long,2026-10-02T14:58:00+00:00,752.35,2026-10-02T15:00:00+00:00,751.795,vwap_confirmed_reverse,-7.629265800212792,-0.07376885757959244,-0.0008196563941322404,vwap_trend_confirmed_htf,long,True,742.04,729.6044812145009,752.272878714235,3,2.0,long,vwap-entry-research-v1,reconstructed_current_market_cache,recorded_review_entry,2026-10-02T14:58:00+00:00,88,2026-10-02T14:57:00+00:00,752.37,752.2728787142352,88.0,1.0,0.2000000000000433,0.2000000000000433,2.0,0.4758620689655194,-0.4758620689655194,2.0,0.2740434332988956,-0.2740434332988956,2.0,0.2769902988374371,-0.2769902988374371,0.6,-0.08465699597781651,-0.08465699597781651,6.632640854898466,0.36772777251431976,0.6322722274856802,0.7,0.20251122220926732,0.20251122220926732,6.818586599678612,0.5686737378323613,0.4313262621676386,0.85,2.4257380363135184,2.4257380363135184,6.080784720283888,0.5146924773748183,0.4853075226251818,5.0,0.7416797970571275,11.0,0.7160905928922994,3,751.31,754.54,749.1,14.108690154530645,14.108690154530645,28.759244042727477,43.65238285943107,72.30485000730945,0.6011029411764738,0.6011029411764738,753.83,751.56,19.405345774021246,10.765979504765728,False,17,-22.231513003775348,-22.231513003775348,1.0,-1.0,5,-8.08846929033602,-8.08846929033602,0.23749999999999377,0.23749999999999377,recorded_review_entry.preceding_bars,3,8.380557107510178,8.380557107510178,0.34662575088815206,0.6533742491118479,1.4335988501761112,1.2910379798729363,1,True,PASS,
